#
# There is insufficient memory for the Java Runtime Environment to continue.
# Native memory allocation (mmap) failed to map 78643200 bytes. Error detail: G1 virtual space
# Possible reasons:
#   The system is out of physical RAM or swap space
#   This process is running with CompressedOops enabled, and the Java Heap may be blocking the growth of the native heap
# Possible solutions:
#   Reduce memory load on the system
#   Increase physical memory or swap space
#   Check if swap backing store is full
#   Decrease Java heap size (-Xmx/-Xms)
#   Decrease number of Java threads
#   Decrease Java thread stack sizes (-Xss)
#   Set larger code cache with -XX:ReservedCodeCacheSize=
#   JVM is running with Unscaled Compressed Oops mode in which the Java heap is
#     placed in the first 4GB address space. The Java Heap base address is the
#     maximum limit for the native heap growth. Please use -XX:HeapBaseMinAddress
#     to set the Java Heap base and to place the Java Heap above 4GB virtual address.
# This output file may be truncated or incomplete.
#
#  Out of Memory Error (os_windows.cpp:3825), pid=16432, tid=5364
#
# JRE version: OpenJDK Runtime Environment (17.0.11) (build 17.0.11+0--11852314)
# Java VM: OpenJDK 64-Bit Server VM (17.0.11+0--11852314, mixed mode, tiered, compressed oops, compressed class ptrs, g1 gc, windows-amd64)
# No core dump will be written. Minidumps are not enabled by default on client versions of Windows
#

---------------  S U M M A R Y ------------

Command Line: --add-opens=java.base/java.util=ALL-UNNAMED --add-opens=java.base/java.lang=ALL-UNNAMED --add-opens=java.base/java.lang.invoke=ALL-UNNAMED --add-opens=java.prefs/java.util.prefs=ALL-UNNAMED --add-opens=java.base/java.nio.charset=ALL-UNNAMED --add-opens=java.base/java.net=ALL-UNNAMED --add-opens=java.base/java.util.concurrent.atomic=ALL-UNNAMED -Xmx2048m -Dfile.encoding=UTF-8 -Duser.country=US -Duser.language=en -Duser.variant -javaagent:C:\Users\JOUD\.gradle\wrapper\dists\gradle-8.6-bin\afr5mpiioh2wthjmwnkmdsd5w\gradle-8.6\lib\agents\gradle-instrumentation-agent-8.6.jar org.gradle.launcher.daemon.bootstrap.GradleDaemon 8.6

Host: Intel(R) Core(TM) i5-10210U CPU @ 1.60GHz, 8 cores, 7G,  Windows 11 , 64 bit Build 22621 (10.0.22621.3958)
Time: Mon Oct 28 17:37:35 2024 Arab Standard Time elapsed time: 48.205308 seconds (0d 0h 0m 48s)

---------------  T H R E A D  ---------------

Current thread (0x000001a8ff363640):  VMThread "VM Thread" [stack: 0x00000051b7a00000,0x00000051b7b00000] [id=5364]

Stack: [0x00000051b7a00000,0x00000051b7b00000]
Native frames: (J=compiled Java code, j=interpreted, Vv=VM code, C=native code)
V  [jvm.dll+0x687bb9]
V  [jvm.dll+0x84142a]
V  [jvm.dll+0x8430ae]
V  [jvm.dll+0x843713]
V  [jvm.dll+0x24a35f]
V  [jvm.dll+0x684989]
V  [jvm.dll+0x67923a]
V  [jvm.dll+0x30af0b]
V  [jvm.dll+0x3123b6]
V  [jvm.dll+0x361dfe]
V  [jvm.dll+0x36202f]
V  [jvm.dll+0x2e0d38]
V  [jvm.dll+0x2e3e26]
V  [jvm.dll+0x2ee63a]
V  [jvm.dll+0x323270]
V  [jvm.dll+0x847e0b]
V  [jvm.dll+0x848b42]
V  [jvm.dll+0x84905d]
V  [jvm.dll+0x849434]
V  [jvm.dll+0x849500]
V  [jvm.dll+0x7efa4a]
V  [jvm.dll+0x686a35]
C  [ucrtbase.dll+0x29333]
C  [KERNEL32.DLL+0x1257d]
C  [ntdll.dll+0x5af08]

VM_Operation (0x00000051b76ff550): G1PauseRemark, mode: safepoint, requested by thread 0x000001a8eb409c70


---------------  P R O C E S S  ---------------

Threads class SMR info:
_java_thread_list=0x000001a88bd12e80, length=140, elements={
0x000001a8eb39dcb0, 0x000001a8ff1fd130, 0x000001a8ff1fdfb0, 0x000001a8ff217f90,
0x000001a8ff3936a0, 0x000001a8ff396f90, 0x000001a8ff397950, 0x000001a8ff398640,
0x000001a8ff3990f0, 0x000001a8ff39aa30, 0x000001a8ff199830, 0x000001a8ff6cc8a0,
0x000001a88b71e8d0, 0x000001a88b79dfc0, 0x000001a88b51b1a0, 0x000001a88b540590,
0x000001a88b4f3680, 0x000001a88b4e08a0, 0x000001a88a863050, 0x000001a88b829020,
0x000001a88a342cf0, 0x000001a88a343c20, 0x000001a88a343710, 0x000001a88a3422d0,
0x000001a88a3427e0, 0x000001a88a344130, 0x000001a88a345060, 0x000001a88a345a80,
0x000001a88c869c60, 0x000001a88c865070, 0x000001a88c865580, 0x000001a88c86a170,
0x000001a88c865fa0, 0x000001a88c8664b0, 0x000001a88c8669c0, 0x000001a88c867e00,
0x000001a88c86ab90, 0x000001a88c868d30, 0x000001a88c866ed0, 0x000001a88c86b0a0,
0x000001a88c86bfd0, 0x000001a88c86c4e0, 0x000001a88c8678f0, 0x000001a88c86c9f0,
0x000001a88c868310, 0x000001a88c8673e0, 0x000001a88c868820, 0x000001a88d4d2f40,
0x000001a88d4d3450, 0x000001a88d4d5cd0, 0x000001a88d4d52b0, 0x000001a88d4d3e70,
0x000001a88d4d01b0, 0x000001a88d4d4da0, 0x000001a88d4cf280, 0x000001a88d4d0bd0,
0x000001a88d4d4380, 0x000001a88d4d4890, 0x000001a88d4d2a30, 0x000001a88d4d61e0,
0x000001a88d4d66f0, 0x000001a88d4d1b00, 0x000001a88d4d06c0, 0x000001a88d4d10e0,
0x000001a88d4cfca0, 0x000001a88d4d15f0, 0x000001a88d4d2010, 0x000001a88a344640,
0x000001a88a344b50, 0x000001a88e85b6b0, 0x000001a88e858e30, 0x000001a88e8565b0,
0x000001a88e85d510, 0x000001a88e85bbc0, 0x000001a88e85c0d0, 0x000001a88e859850,
0x000001a88e85c5e0, 0x000001a88e8560a0, 0x000001a88e85da20, 0x000001a88e85caf0,
0x000001a88e85d000, 0x000001a88e859340, 0x000001a88e85ac90, 0x000001a88e856ac0,
0x000001a88e856fd0, 0x000001a88e859d60, 0x000001a88e85a780, 0x000001a88e85a270,
0x000001a88e85b1a0, 0x000001a88e8574e0, 0x000001a88e8579f0, 0x000001a88e857f00,
0x000001a88e858410, 0x000001a88e858920, 0x000001a88ed1c4d0, 0x000001a88ed19c50,
0x000001a88ed169b0, 0x000001a88ed1bfc0, 0x000001a88ed1b090, 0x000001a88ed1ab80,
0x000001a88ed15060, 0x000001a88ed15570, 0x000001a88ed19740, 0x000001a88ed1c9e0,
0x000001a88ed15a80, 0x000001a88ed18d20, 0x000001a88ed15f90, 0x000001a88ed19230,
0x000001a88ed1a160, 0x000001a88ed164a0, 0x000001a88ed16ec0, 0x000001a88ed173d0,
0x000001a88ed1b5a0, 0x000001a88ed178e0, 0x000001a88ed17df0, 0x000001a88ed18300,
0x000001a88ed1a670, 0x000001a88ed1bab0, 0x000001a88c86a680, 0x000001a88a08df50,
0x000001a88a08da40, 0x000001a88a08e460, 0x000001a88a08acb0, 0x000001a88a08b1c0,
0x000001a88a08c600, 0x000001a88a088430, 0x000001a88a089d80, 0x000001a88a08a7a0,
0x000001a88a08b6d0, 0x000001a88a08e970, 0x000001a88a08ee80, 0x000001a88a088940,
0x000001a88a088e50, 0x000001a88a089870, 0x000001a88a08bbe0, 0x000001a88a08fdb0,
0x000001a88a08a290, 0x000001a88a08c0f0, 0x000001a88a08f390, 0x000001a88a08cb10
}

Java Threads: ( => current thread )
  0x000001a8eb39dcb0 JavaThread "main" [_thread_blocked, id=15096, stack(0x00000051b7400000,0x00000051b7500000)]
  0x000001a8ff1fd130 JavaThread "Reference Handler" daemon [_thread_blocked, id=21152, stack(0x00000051b7b00000,0x00000051b7c00000)]
  0x000001a8ff1fdfb0 JavaThread "Finalizer" daemon [_thread_blocked, id=14068, stack(0x00000051b7c00000,0x00000051b7d00000)]
  0x000001a8ff217f90 JavaThread "Signal Dispatcher" daemon [_thread_blocked, id=12616, stack(0x00000051b7d00000,0x00000051b7e00000)]
  0x000001a8ff3936a0 JavaThread "Attach Listener" daemon [_thread_blocked, id=18092, stack(0x00000051b7e00000,0x00000051b7f00000)]
  0x000001a8ff396f90 JavaThread "Service Thread" daemon [_thread_blocked, id=15124, stack(0x00000051b7f00000,0x00000051b8000000)]
  0x000001a8ff397950 JavaThread "Monitor Deflation Thread" daemon [_thread_blocked, id=12212, stack(0x00000051b8000000,0x00000051b8100000)]
  0x000001a8ff398640 JavaThread "C2 CompilerThread0" daemon [_thread_blocked, id=18176, stack(0x00000051b8100000,0x00000051b8200000)]
  0x000001a8ff3990f0 JavaThread "C1 CompilerThread0" daemon [_thread_blocked, id=12968, stack(0x00000051b8200000,0x00000051b8300000)]
  0x000001a8ff39aa30 JavaThread "Sweeper thread" daemon [_thread_blocked, id=18792, stack(0x00000051b8300000,0x00000051b8400000)]
  0x000001a8ff199830 JavaThread "Common-Cleaner" daemon [_thread_blocked, id=15304, stack(0x00000051b8400000,0x00000051b8500000)]
  0x000001a8ff6cc8a0 JavaThread "Notification Thread" daemon [_thread_blocked, id=23180, stack(0x00000051b8500000,0x00000051b8600000)]
  0x000001a88b71e8d0 JavaThread "Daemon health stats" [_thread_blocked, id=22228, stack(0x00000051b8a00000,0x00000051b8b00000)]
  0x000001a88b79dfc0 JavaThread "Incoming local TCP Connector on port 2340" [_thread_in_native, id=21872, stack(0x00000051b8c00000,0x00000051b8d00000)]
  0x000001a88b51b1a0 JavaThread "Daemon periodic checks" [_thread_blocked, id=3264, stack(0x00000051b8d00000,0x00000051b8e00000)]
  0x000001a88b540590 JavaThread "Daemon" [_thread_blocked, id=18868, stack(0x00000051b8e00000,0x00000051b8f00000)]
  0x000001a88b4f3680 JavaThread "Handler for socket connection from /127.0.0.1:2340 to /127.0.0.1:2341" [_thread_in_native, id=8172, stack(0x00000051b8f00000,0x00000051b9000000)]
  0x000001a88b4e08a0 JavaThread "Cancel handler" [_thread_blocked, id=2188, stack(0x00000051b9000000,0x00000051b9100000)]
  0x000001a88a863050 JavaThread "Daemon worker" [_thread_blocked, id=18968, stack(0x00000051b9100000,0x00000051b9200000)]
  0x000001a88b829020 JavaThread "Asynchronous log dispatcher for DefaultDaemonConnection: socket connection from /127.0.0.1:2340 to /127.0.0.1:2341" [_thread_blocked, id=10388, stack(0x00000051b9200000,0x00000051b9300000)]
  0x000001a88a342cf0 JavaThread "Stdin handler" [_thread_blocked, id=14640, stack(0x00000051b9300000,0x00000051b9400000)]
  0x000001a88a343c20 JavaThread "Daemon client event forwarder" [_thread_blocked, id=13704, stack(0x00000051b9400000,0x00000051b9500000)]
  0x000001a88a343710 JavaThread "Cache worker for journal cache (C:\Users\JOUD\.gradle\caches\journal-1)" [_thread_blocked, id=21320, stack(0x00000051b9900000,0x00000051b9a00000)]
  0x000001a88a3422d0 JavaThread "File lock request listener" [_thread_in_native, id=18680, stack(0x00000051b9a00000,0x00000051b9b00000)]
  0x000001a88a3427e0 JavaThread "Cache worker for file hash cache (C:\Users\JOUD\.gradle\caches\8.6\fileHashes)" [_thread_blocked, id=21996, stack(0x00000051b9b00000,0x00000051b9c00000)]
  0x000001a88a344130 JavaThread "File watcher server" daemon [_thread_in_native, id=21084, stack(0x00000051b9c00000,0x00000051b9d00000)]
  0x000001a88a345060 JavaThread "File watcher consumer" daemon [_thread_blocked, id=20144, stack(0x00000051b9d00000,0x00000051b9e00000)]
  0x000001a88a345a80 JavaThread "Cache worker for checksums cache (E:\faceRecognitionpart\.gradle\8.6\checksums)" [_thread_blocked, id=16376, stack(0x00000051b9e00000,0x00000051b9f00000)]
  0x000001a88c869c60 JavaThread "Cache worker for file hash cache (E:\faceRecognitionpart\.gradle\8.6\fileHashes)" [_thread_blocked, id=12720, stack(0x00000051b9f00000,0x00000051ba000000)]
  0x000001a88c865070 JavaThread "Cache worker for cache directory md-supplier (C:\Users\JOUD\.gradle\caches\8.6\md-supplier)" [_thread_blocked, id=18528, stack(0x00000051ba000000,0x00000051ba100000)]
  0x000001a88c865580 JavaThread "Cache worker for cache directory md-rule (C:\Users\JOUD\.gradle\caches\8.6\md-rule)" [_thread_blocked, id=18620, stack(0x00000051ba100000,0x00000051ba200000)]
  0x000001a88c86a170 JavaThread "Cache worker for file content cache (C:\Users\JOUD\.gradle\caches\8.6\fileContent)" [_thread_blocked, id=18200, stack(0x00000051ba200000,0x00000051ba300000)]
  0x000001a88c865fa0 JavaThread "jar transforms" [_thread_blocked, id=8364, stack(0x00000051ba300000,0x00000051ba400000)]
  0x000001a88c8664b0 JavaThread "jar transforms Thread 2" [_thread_blocked, id=15944, stack(0x00000051ba400000,0x00000051ba500000)]
  0x000001a88c8669c0 JavaThread "jar transforms Thread 3" [_thread_blocked, id=17836, stack(0x00000051ba500000,0x00000051ba600000)]
  0x000001a88c867e00 JavaThread "jar transforms Thread 4" [_thread_blocked, id=11728, stack(0x00000051ba600000,0x00000051ba700000)]
  0x000001a88c86ab90 JavaThread "Cache worker for Build Output Cleanup Cache (E:\faceRecognitionpart\.gradle\buildOutputCleanup)" [_thread_blocked, id=14432, stack(0x00000051ba700000,0x00000051ba800000)]
  0x000001a88c868d30 JavaThread "jar transforms Thread 5" [_thread_blocked, id=5784, stack(0x00000051ba800000,0x00000051ba900000)]
  0x000001a88c866ed0 JavaThread "jar transforms Thread 6" [_thread_blocked, id=15268, stack(0x00000051ba900000,0x00000051baa00000)]
  0x000001a88c86b0a0 JavaThread "Unconstrained build operations" [_thread_blocked, id=8812, stack(0x00000051baa00000,0x00000051bab00000)]
  0x000001a88c86bfd0 JavaThread "Unconstrained build operations Thread 2" [_thread_blocked, id=6880, stack(0x00000051bab00000,0x00000051bac00000)]
  0x000001a88c86c4e0 JavaThread "Unconstrained build operations Thread 3" [_thread_blocked, id=18568, stack(0x00000051bac00000,0x00000051bad00000)]
  0x000001a88c8678f0 JavaThread "Unconstrained build operations Thread 4" [_thread_blocked, id=20680, stack(0x00000051bad00000,0x00000051bae00000)]
  0x000001a88c86c9f0 JavaThread "Unconstrained build operations Thread 5" [_thread_blocked, id=22412, stack(0x00000051bae00000,0x00000051baf00000)]
  0x000001a88c868310 JavaThread "Unconstrained build operations Thread 6" [_thread_blocked, id=4396, stack(0x00000051baf00000,0x00000051bb000000)]
  0x000001a88c8673e0 JavaThread "Unconstrained build operations Thread 7" [_thread_blocked, id=21896, stack(0x00000051bb000000,0x00000051bb100000)]
  0x000001a88c868820 JavaThread "jar transforms Thread 7" [_thread_blocked, id=20372, stack(0x00000051bb100000,0x00000051bb200000)]
  0x000001a88d4d2f40 JavaThread "jar transforms Thread 8" [_thread_blocked, id=14680, stack(0x00000051bb200000,0x00000051bb300000)]
  0x000001a88d4d3450 JavaThread "build event listener" [_thread_blocked, id=3340, stack(0x00000051bb300000,0x00000051bb400000)]
  0x000001a88d4d5cd0 JavaThread "Memory manager" [_thread_blocked, id=18540, stack(0x00000051bb400000,0x00000051bb500000)]
  0x000001a88d4d52b0 JavaThread "included builds" [_thread_blocked, id=16256, stack(0x00000051bb500000,0x00000051bb600000)]
  0x000001a88d4d3e70 JavaThread "Execution worker" [_thread_blocked, id=20444, stack(0x00000051bb600000,0x00000051bb700000)]
  0x000001a88d4d01b0 JavaThread "Execution worker Thread 2" [_thread_blocked, id=3312, stack(0x00000051bb700000,0x00000051bb800000)]
  0x000001a88d4d4da0 JavaThread "Execution worker Thread 3" [_thread_blocked, id=18724, stack(0x00000051bb800000,0x00000051bb900000)]
  0x000001a88d4cf280 JavaThread "Execution worker Thread 4" [_thread_blocked, id=1936, stack(0x00000051bb900000,0x00000051bba00000)]
  0x000001a88d4d0bd0 JavaThread "Execution worker Thread 5" [_thread_blocked, id=11632, stack(0x00000051bba00000,0x00000051bbb00000)]
  0x000001a88d4d4380 JavaThread "Execution worker Thread 6" [_thread_blocked, id=21288, stack(0x00000051bbb00000,0x00000051bbc00000)]
  0x000001a88d4d4890 JavaThread "Execution worker Thread 7" [_thread_blocked, id=11972, stack(0x00000051bbc00000,0x00000051bbd00000)]
  0x000001a88d4d2a30 JavaThread "Cache worker for execution history cache (E:\faceRecognitionpart\.gradle\8.6\executionHistory)" [_thread_blocked, id=22008, stack(0x00000051bbd00000,0x00000051bbe00000)]
  0x000001a88d4d61e0 JavaThread "Unconstrained build operations Thread 8" [_thread_blocked, id=7880, stack(0x00000051bbe00000,0x00000051bbf00000)]
  0x000001a88d4d66f0 JavaThread "Unconstrained build operations Thread 9" [_thread_blocked, id=21144, stack(0x00000051bbf00000,0x00000051bc000000)]
  0x000001a88d4d1b00 JavaThread "Unconstrained build operations Thread 10" [_thread_blocked, id=8584, stack(0x00000051bc000000,0x00000051bc100000)]
  0x000001a88d4d06c0 JavaThread "Unconstrained build operations Thread 11" [_thread_blocked, id=19204, stack(0x00000051bc100000,0x00000051bc200000)]
  0x000001a88d4d10e0 JavaThread "Unconstrained build operations Thread 12" [_thread_blocked, id=12712, stack(0x00000051bc200000,0x00000051bc300000)]
  0x000001a88d4cfca0 JavaThread "Unconstrained build operations Thread 13" [_thread_blocked, id=6360, stack(0x00000051bc300000,0x00000051bc400000)]
  0x000001a88d4d15f0 JavaThread "Unconstrained build operations Thread 14" [_thread_blocked, id=2312, stack(0x00000051bc400000,0x00000051bc500000)]
  0x000001a88d4d2010 JavaThread "Unconstrained build operations Thread 15" [_thread_blocked, id=19780, stack(0x00000051bc500000,0x00000051bc600000)]
  0x000001a88a344640 JavaThread "Unconstrained build operations Thread 16" [_thread_blocked, id=18876, stack(0x00000051bc600000,0x00000051bc700000)]
  0x000001a88a344b50 JavaThread "Unconstrained build operations Thread 17" [_thread_blocked, id=4864, stack(0x00000051bc700000,0x00000051bc800000)]
  0x000001a88e85b6b0 JavaThread "Unconstrained build operations Thread 18" [_thread_blocked, id=648, stack(0x00000051bc800000,0x00000051bc900000)]
  0x000001a88e858e30 JavaThread "Unconstrained build operations Thread 19" [_thread_blocked, id=19820, stack(0x00000051bc900000,0x00000051bca00000)]
  0x000001a88e8565b0 JavaThread "Unconstrained build operations Thread 20" [_thread_blocked, id=19580, stack(0x00000051bca00000,0x00000051bcb00000)]
  0x000001a88e85d510 JavaThread "Unconstrained build operations Thread 21" [_thread_blocked, id=19480, stack(0x00000051bcb00000,0x00000051bcc00000)]
  0x000001a88e85bbc0 JavaThread "Unconstrained build operations Thread 22" [_thread_blocked, id=7104, stack(0x00000051bce00000,0x00000051bcf00000)]
  0x000001a88e85c0d0 JavaThread "Unconstrained build operations Thread 23" [_thread_blocked, id=10012, stack(0x00000051bcf00000,0x00000051bd000000)]
  0x000001a88e859850 JavaThread "Unconstrained build operations Thread 24" [_thread_blocked, id=15948, stack(0x00000051bd000000,0x00000051bd100000)]
  0x000001a88e85c5e0 JavaThread "Unconstrained build operations Thread 25" [_thread_blocked, id=9572, stack(0x00000051bd100000,0x00000051bd200000)]
  0x000001a88e8560a0 JavaThread "Unconstrained build operations Thread 26" [_thread_blocked, id=18656, stack(0x00000051bd200000,0x00000051bd300000)]
  0x000001a88e85da20 JavaThread "Unconstrained build operations Thread 27" [_thread_blocked, id=18348, stack(0x00000051bd300000,0x00000051bd400000)]
  0x000001a88e85caf0 JavaThread "Unconstrained build operations Thread 28" [_thread_blocked, id=10220, stack(0x00000051bd400000,0x00000051bd500000)]
  0x000001a88e85d000 JavaThread "Unconstrained build operations Thread 29" [_thread_blocked, id=8596, stack(0x00000051bd500000,0x00000051bd600000)]
  0x000001a88e859340 JavaThread "Unconstrained build operations Thread 30" [_thread_blocked, id=23248, stack(0x00000051bd600000,0x00000051bd700000)]
  0x000001a88e85ac90 JavaThread "Unconstrained build operations Thread 31" [_thread_blocked, id=6696, stack(0x00000051bd700000,0x00000051bd800000)]
  0x000001a88e856ac0 JavaThread "Unconstrained build operations Thread 32" [_thread_blocked, id=3584, stack(0x00000051bd800000,0x00000051bd900000)]
  0x000001a88e856fd0 JavaThread "Unconstrained build operations Thread 33" [_thread_blocked, id=3024, stack(0x00000051bd900000,0x00000051bda00000)]
  0x000001a88e859d60 JavaThread "Unconstrained build operations Thread 34" [_thread_blocked, id=9460, stack(0x00000051bda00000,0x00000051bdb00000)]
  0x000001a88e85a780 JavaThread "Unconstrained build operations Thread 35" [_thread_blocked, id=20568, stack(0x00000051bdb00000,0x00000051bdc00000)]
  0x000001a88e85a270 JavaThread "Unconstrained build operations Thread 36" [_thread_blocked, id=5804, stack(0x00000051bdc00000,0x00000051bdd00000)]
  0x000001a88e85b1a0 JavaThread "Unconstrained build operations Thread 37" [_thread_blocked, id=3336, stack(0x00000051bdd00000,0x00000051bde00000)]
  0x000001a88e8574e0 JavaThread "Unconstrained build operations Thread 38" [_thread_blocked, id=22680, stack(0x00000051bde00000,0x00000051bdf00000)]
  0x000001a88e8579f0 JavaThread "Unconstrained build operations Thread 39" [_thread_blocked, id=4728, stack(0x00000051bdf00000,0x00000051be000000)]
  0x000001a88e857f00 JavaThread "Unconstrained build operations Thread 40" [_thread_blocked, id=6000, stack(0x00000051be000000,0x00000051be100000)]
  0x000001a88e858410 JavaThread "Unconstrained build operations Thread 41" [_thread_blocked, id=3128, stack(0x00000051be100000,0x00000051be200000)]
  0x000001a88e858920 JavaThread "Unconstrained build operations Thread 42" [_thread_blocked, id=1560, stack(0x00000051be200000,0x00000051be300000)]
  0x000001a88ed1c4d0 JavaThread "Unconstrained build operations Thread 43" [_thread_blocked, id=12260, stack(0x00000051be300000,0x00000051be400000)]
  0x000001a88ed19c50 JavaThread "Unconstrained build operations Thread 44" [_thread_blocked, id=3036, stack(0x00000051be400000,0x00000051be500000)]
  0x000001a88ed169b0 JavaThread "Unconstrained build operations Thread 45" [_thread_blocked, id=2152, stack(0x00000051be500000,0x00000051be600000)]
  0x000001a88ed1bfc0 JavaThread "Unconstrained build operations Thread 46" [_thread_blocked, id=18548, stack(0x00000051be600000,0x00000051be700000)]
  0x000001a88ed1b090 JavaThread "Unconstrained build operations Thread 47" [_thread_blocked, id=15780, stack(0x00000051be700000,0x00000051be800000)]
  0x000001a88ed1ab80 JavaThread "Unconstrained build operations Thread 48" [_thread_blocked, id=14024, stack(0x00000051be800000,0x00000051be900000)]
  0x000001a88ed15060 JavaThread "Unconstrained build operations Thread 49" [_thread_blocked, id=14728, stack(0x00000051be900000,0x00000051bea00000)]
  0x000001a88ed15570 JavaThread "Unconstrained build operations Thread 50" [_thread_blocked, id=296, stack(0x00000051bea00000,0x00000051beb00000)]
  0x000001a88ed19740 JavaThread "Unconstrained build operations Thread 51" [_thread_blocked, id=16260, stack(0x00000051beb00000,0x00000051bec00000)]
  0x000001a88ed1c9e0 JavaThread "Unconstrained build operations Thread 52" [_thread_blocked, id=22584, stack(0x00000051bec00000,0x00000051bed00000)]
  0x000001a88ed15a80 JavaThread "Unconstrained build operations Thread 53" [_thread_blocked, id=3536, stack(0x00000051bed00000,0x00000051bee00000)]
  0x000001a88ed18d20 JavaThread "Unconstrained build operations Thread 54" [_thread_blocked, id=12776, stack(0x00000051bee00000,0x00000051bef00000)]
  0x000001a88ed15f90 JavaThread "Unconstrained build operations Thread 55" [_thread_blocked, id=22780, stack(0x00000051bef00000,0x00000051bf000000)]
  0x000001a88ed19230 JavaThread "Unconstrained build operations Thread 56" [_thread_blocked, id=3888, stack(0x00000051bf000000,0x00000051bf100000)]
  0x000001a88ed1a160 JavaThread "Unconstrained build operations Thread 57" [_thread_blocked, id=1132, stack(0x00000051bf100000,0x00000051bf200000)]
  0x000001a88ed164a0 JavaThread "Unconstrained build operations Thread 58" [_thread_blocked, id=16588, stack(0x00000051bf200000,0x00000051bf300000)]
  0x000001a88ed16ec0 JavaThread "Unconstrained build operations Thread 59" [_thread_blocked, id=20040, stack(0x00000051bf300000,0x00000051bf400000)]
  0x000001a88ed173d0 JavaThread "Unconstrained build operations Thread 60" [_thread_blocked, id=4812, stack(0x00000051bf400000,0x00000051bf500000)]
  0x000001a88ed1b5a0 JavaThread "Unconstrained build operations Thread 61" [_thread_blocked, id=21048, stack(0x00000051bf500000,0x00000051bf600000)]
  0x000001a88ed178e0 JavaThread "Unconstrained build operations Thread 62" [_thread_blocked, id=2140, stack(0x00000051bf600000,0x00000051bf700000)]
  0x000001a88ed17df0 JavaThread "Unconstrained build operations Thread 63" [_thread_blocked, id=2824, stack(0x00000051bf700000,0x00000051bf800000)]
  0x000001a88ed18300 JavaThread "Unconstrained build operations Thread 64" [_thread_blocked, id=13836, stack(0x00000051bf800000,0x00000051bf900000)]
  0x000001a88ed1a670 JavaThread "Unconstrained build operations Thread 65" [_thread_blocked, id=21332, stack(0x00000051bf900000,0x00000051bfa00000)]
  0x000001a88ed1bab0 JavaThread "Unconstrained build operations Thread 66" [_thread_blocked, id=6916, stack(0x00000051bfa00000,0x00000051bfb00000)]
  0x000001a88c86a680 JavaThread "Unconstrained build operations Thread 67" [_thread_blocked, id=20352, stack(0x00000051bfb00000,0x00000051bfc00000)]
  0x000001a88a08df50 JavaThread "Unconstrained build operations Thread 68" [_thread_blocked, id=21644, stack(0x00000051bfc00000,0x00000051bfd00000)]
  0x000001a88a08da40 JavaThread "Unconstrained build operations Thread 69" [_thread_blocked, id=3608, stack(0x00000051bfd00000,0x00000051bfe00000)]
  0x000001a88a08e460 JavaThread "Unconstrained build operations Thread 70" [_thread_blocked, id=18376, stack(0x00000051bfe00000,0x00000051bff00000)]
  0x000001a88a08acb0 JavaThread "Unconstrained build operations Thread 71" [_thread_blocked, id=20216, stack(0x00000051bff00000,0x00000051c0000000)]
  0x000001a88a08b1c0 JavaThread "Unconstrained build operations Thread 72" [_thread_blocked, id=4432, stack(0x00000051c0000000,0x00000051c0100000)]
  0x000001a88a08c600 JavaThread "Unconstrained build operations Thread 73" [_thread_blocked, id=15768, stack(0x00000051c0100000,0x00000051c0200000)]
  0x000001a88a088430 JavaThread "Unconstrained build operations Thread 74" [_thread_blocked, id=21420, stack(0x00000051c0200000,0x00000051c0300000)]
  0x000001a88a089d80 JavaThread "Unconstrained build operations Thread 75" [_thread_blocked, id=2776, stack(0x00000051c0300000,0x00000051c0400000)]
  0x000001a88a08a7a0 JavaThread "Unconstrained build operations Thread 76" [_thread_blocked, id=14320, stack(0x00000051c0400000,0x00000051c0500000)]
  0x000001a88a08b6d0 JavaThread "Unconstrained build operations Thread 77" [_thread_blocked, id=7680, stack(0x00000051c0500000,0x00000051c0600000)]
  0x000001a88a08e970 JavaThread "Unconstrained build operations Thread 78" [_thread_blocked, id=10692, stack(0x00000051c0600000,0x00000051c0700000)]
  0x000001a88a08ee80 JavaThread "Unconstrained build operations Thread 79" [_thread_blocked, id=18708, stack(0x00000051c0700000,0x00000051c0800000)]
  0x000001a88a088940 JavaThread "Unconstrained build operations Thread 80" [_thread_blocked, id=15980, stack(0x00000051c0800000,0x00000051c0900000)]
  0x000001a88a088e50 JavaThread "WorkerExecutor Queue" [_thread_blocked, id=6424, stack(0x00000051c0900000,0x00000051c0a00000)]
  0x000001a88a089870 JavaThread "ForkJoinPool.commonPool-worker-1" daemon [_thread_blocked, id=7364, stack(0x00000051c0a00000,0x00000051c0b00000)]
  0x000001a88a08bbe0 JavaThread "ForkJoinPool.commonPool-worker-2" daemon [_thread_blocked, id=12816, stack(0x00000051c0b00000,0x00000051c0c00000)]
  0x000001a88a08fdb0 JavaThread "ForkJoinPool.commonPool-worker-3" daemon [_thread_blocked, id=1852, stack(0x00000051c0c00000,0x00000051c0d00000)]
  0x000001a88a08a290 JavaThread "ForkJoinPool.commonPool-worker-4" daemon [_thread_blocked, id=872, stack(0x00000051c0d00000,0x00000051c0e00000)]
  0x000001a88a08c0f0 JavaThread "ForkJoinPool.commonPool-worker-5" daemon [_thread_blocked, id=8440, stack(0x00000051c0e00000,0x00000051c0f00000)]
  0x000001a88a08f390 JavaThread "ForkJoinPool.commonPool-worker-6" daemon [_thread_blocked, id=14900, stack(0x00000051c0f00000,0x00000051c1000000)]
  0x000001a88a08cb10 JavaThread "ForkJoinPool.commonPool-worker-7" daemon [_thread_blocked, id=23044, stack(0x00000051c1000000,0x00000051c1100000)]

Other Threads:
=>0x000001a8ff363640 VMThread "VM Thread" [stack: 0x00000051b7a00000,0x00000051b7b00000] [id=5364]
  0x000001a8ff6ccd80 WatcherThread [stack: 0x00000051b8600000,0x00000051b8700000] [id=21800]
  0x000001a8eb3f8d20 GCTaskThread "GC Thread#0" [stack: 0x00000051b7500000,0x00000051b7600000] [id=10840]
  0x000001a88a2390b0 GCTaskThread "GC Thread#1" [stack: 0x00000051b8700000,0x00000051b8800000] [id=18836]
  0x000001a88a911410 GCTaskThread "GC Thread#2" [stack: 0x00000051b8800000,0x00000051b8900000] [id=19048]
  0x000001a88a871420 GCTaskThread "GC Thread#3" [stack: 0x00000051b8900000,0x00000051b8a00000] [id=11992]
  0x000001a88a0e5de0 GCTaskThread "GC Thread#4" [stack: 0x00000051b8b00000,0x00000051b8c00000] [id=22920]
  0x000001a88b5efcb0 GCTaskThread "GC Thread#5" [stack: 0x00000051b9500000,0x00000051b9600000] [id=9524]
  0x000001a88b186d80 GCTaskThread "GC Thread#6" [stack: 0x00000051b9600000,0x00000051b9700000] [id=7308]
  0x000001a88b51b680 GCTaskThread "GC Thread#7" [stack: 0x00000051b9700000,0x00000051b9800000] [id=1064]
  0x000001a8eb409c70 ConcurrentGCThread "G1 Main Marker" [stack: 0x00000051b7600000,0x00000051b7700000] [id=1556]
  0x000001a8eb40a690 ConcurrentGCThread "G1 Conc#0" [stack: 0x00000051b7700000,0x00000051b7800000] [id=4144]
  0x000001a88b9ab480 ConcurrentGCThread "G1 Conc#1" [stack: 0x00000051b9800000,0x00000051b9900000] [id=4048]
  0x000001a8eb44e380 ConcurrentGCThread "G1 Refine#0" [stack: 0x00000051b7800000,0x00000051b7900000] [id=11688]
  0x000001a8ff0644e0 ConcurrentGCThread "G1 Service" [stack: 0x00000051b7900000,0x00000051b7a00000] [id=20660]

Threads with active compile tasks:

VM state: at safepoint (normal execution)

VM Mutex/Monitor currently owned by a thread:  ([mutex/lock_event])
[0x000001a8eb399830] Threads_lock - owner thread: 0x000001a8ff363640
[0x000001a8eb39a010] Heap_lock - owner thread: 0x000001a8eb409c70

Heap address: 0x0000000080000000, size: 2048 MB, Compressed Oops mode: 32-bit

CDS archive(s) not mapped
Compressed class space mapped at: 0x0000000100000000-0x0000000140000000, reserved size: 1073741824
Narrow klass base: 0x0000000000000000, Narrow klass shift: 3, Narrow klass range: 0x140000000

GC Precious Log:
 CPUs: 8 total, 8 available
 Memory: 8025M
 Large Page Support: Disabled
 NUMA Support: Disabled
 Compressed Oops: Enabled (32-bit)
 Heap Region Size: 1M
 Heap Min Capacity: 8M
 Heap Initial Capacity: 126M
 Heap Max Capacity: 2G
 Pre-touch: Disabled
 Parallel Workers: 8
 Concurrent Workers: 2
 Concurrent Refinement Workers: 8
 Periodic GC: Disabled

Heap:
 garbage-first heap   total 152576K, used 135649K [0x0000000080000000, 0x0000000100000000)
  region size 1024K, 4 young (4096K), 3 survivors (3072K)
 Metaspace       used 98473K, committed 99200K, reserved 1179648K
  class space    used 13623K, committed 13952K, reserved 1048576K

Heap Regions: E=young(eden), S=young(survivor), O=old, HS=humongous(starts), HC=humongous(continues), CS=collection set, F=free, OA=open archive, CA=closed archive, TAMS=top-at-mark-start (previous, next)
|   0|0x0000000080000000, 0x0000000080100000, 0x0000000080100000|100%|HS|  |TAMS 0x0000000080100000, 0x0000000080000000| Complete 
|   1|0x0000000080100000, 0x0000000080200000, 0x0000000080200000|100%|HC|  |TAMS 0x0000000080200000, 0x0000000080100000| Complete 
|   2|0x0000000080200000, 0x0000000080300000, 0x0000000080300000|100%|HC|  |TAMS 0x0000000080300000, 0x0000000080200000| Complete 
|   3|0x0000000080300000, 0x0000000080400000, 0x0000000080400000|100%|HC|  |TAMS 0x0000000080400000, 0x0000000080300000| Complete 
|   4|0x0000000080400000, 0x0000000080500000, 0x0000000080500000|100%| O|  |TAMS 0x0000000080500000, 0x0000000080400000| Untracked 
|   5|0x0000000080500000, 0x0000000080600000, 0x0000000080600000|100%| O|  |TAMS 0x0000000080600000, 0x0000000080500000| Untracked 
|   6|0x0000000080600000, 0x0000000080700000, 0x0000000080700000|100%| O|  |TAMS 0x0000000080700000, 0x0000000080600000| Untracked 
|   7|0x0000000080700000, 0x0000000080800000, 0x0000000080800000|100%| O|  |TAMS 0x0000000080800000, 0x0000000080700000| Untracked 
|   8|0x0000000080800000, 0x0000000080900000, 0x0000000080900000|100%| O|  |TAMS 0x0000000080900000, 0x0000000080800000| Untracked 
|   9|0x0000000080900000, 0x0000000080a00000, 0x0000000080a00000|100%| O|  |TAMS 0x0000000080a00000, 0x0000000080900000| Untracked 
|  10|0x0000000080a00000, 0x0000000080b00000, 0x0000000080b00000|100%| O|  |TAMS 0x0000000080b00000, 0x0000000080a00000| Untracked 
|  11|0x0000000080b00000, 0x0000000080c00000, 0x0000000080c00000|100%| O|  |TAMS 0x0000000080c00000, 0x0000000080b00000| Untracked 
|  12|0x0000000080c00000, 0x0000000080d00000, 0x0000000080d00000|100%| O|  |TAMS 0x0000000080d00000, 0x0000000080c00000| Untracked 
|  13|0x0000000080d00000, 0x0000000080e00000, 0x0000000080e00000|100%| O|  |TAMS 0x0000000080e00000, 0x0000000080d00000| Untracked 
|  14|0x0000000080e00000, 0x0000000080f00000, 0x0000000080f00000|100%| O|  |TAMS 0x0000000080f00000, 0x0000000080e00000| Untracked 
|  15|0x0000000080f00000, 0x0000000081000000, 0x0000000081000000|100%| O|  |TAMS 0x0000000081000000, 0x0000000080f00000| Untracked 
|  16|0x0000000081000000, 0x0000000081100000, 0x0000000081100000|100%| O|  |TAMS 0x0000000081100000, 0x0000000081000000| Untracked 
|  17|0x0000000081100000, 0x0000000081200000, 0x0000000081200000|100%| O|  |TAMS 0x0000000081200000, 0x0000000081100000| Untracked 
|  18|0x0000000081200000, 0x0000000081300000, 0x0000000081300000|100%| O|  |TAMS 0x0000000081300000, 0x0000000081200000| Untracked 
|  19|0x0000000081300000, 0x0000000081400000, 0x0000000081400000|100%| O|  |TAMS 0x0000000081400000, 0x0000000081300000| Untracked 
|  20|0x0000000081400000, 0x0000000081500000, 0x0000000081500000|100%| O|  |TAMS 0x0000000081500000, 0x0000000081400000| Untracked 
|  21|0x0000000081500000, 0x0000000081600000, 0x0000000081600000|100%| O|  |TAMS 0x0000000081600000, 0x0000000081500000| Updating 
|  22|0x0000000081600000, 0x0000000081700000, 0x0000000081700000|100%| O|  |TAMS 0x0000000081700000, 0x0000000081600000| Updating 
|  23|0x0000000081700000, 0x0000000081800000, 0x0000000081800000|100%| O|  |TAMS 0x0000000081800000, 0x0000000081700000| Untracked 
|  24|0x0000000081800000, 0x0000000081900000, 0x0000000081900000|100%| O|  |TAMS 0x0000000081900000, 0x0000000081800000| Untracked 
|  25|0x0000000081900000, 0x0000000081a00000, 0x0000000081a00000|100%| O|  |TAMS 0x0000000081a00000, 0x0000000081900000| Untracked 
|  26|0x0000000081a00000, 0x0000000081b00000, 0x0000000081b00000|100%| O|  |TAMS 0x0000000081b00000, 0x0000000081a00000| Untracked 
|  27|0x0000000081b00000, 0x0000000081c00000, 0x0000000081c00000|100%| O|  |TAMS 0x0000000081c00000, 0x0000000081b00000| Updating 
|  28|0x0000000081c00000, 0x0000000081d00000, 0x0000000081d00000|100%| O|  |TAMS 0x0000000081d00000, 0x0000000081c00000| Updating 
|  29|0x0000000081d00000, 0x0000000081e00000, 0x0000000081e00000|100%| O|  |TAMS 0x0000000081e00000, 0x0000000081d00000| Updating 
|  30|0x0000000081e00000, 0x0000000081f00000, 0x0000000081f00000|100%| O|  |TAMS 0x0000000081f00000, 0x0000000081e00000| Updating 
|  31|0x0000000081f00000, 0x0000000082000000, 0x0000000082000000|100%| O|  |TAMS 0x0000000082000000, 0x0000000081f00000| Updating 
|  32|0x0000000082000000, 0x0000000082100000, 0x0000000082100000|100%| O|  |TAMS 0x0000000082100000, 0x0000000082000000| Updating 
|  33|0x0000000082100000, 0x0000000082200000, 0x0000000082200000|100%| O|  |TAMS 0x0000000082200000, 0x0000000082100000| Untracked 
|  34|0x0000000082200000, 0x0000000082300000, 0x0000000082300000|100%| O|  |TAMS 0x0000000082300000, 0x0000000082200000| Untracked 
|  35|0x0000000082300000, 0x0000000082400000, 0x0000000082400000|100%|HS|  |TAMS 0x0000000082400000, 0x0000000082300000| Complete 
|  36|0x0000000082400000, 0x0000000082500000, 0x0000000082500000|100%|HS|  |TAMS 0x0000000082500000, 0x0000000082400000| Complete 
|  37|0x0000000082500000, 0x0000000082600000, 0x0000000082600000|100%|HS|  |TAMS 0x0000000082600000, 0x0000000082500000| Complete 
|  38|0x0000000082600000, 0x0000000082700000, 0x0000000082700000|100%| O|  |TAMS 0x0000000082700000, 0x0000000082600000| Untracked 
|  39|0x0000000082700000, 0x0000000082800000, 0x0000000082800000|100%| O|  |TAMS 0x0000000082800000, 0x0000000082700000| Updating 
|  40|0x0000000082800000, 0x0000000082900000, 0x0000000082900000|100%| O|  |TAMS 0x0000000082900000, 0x0000000082800000| Updating 
|  41|0x0000000082900000, 0x0000000082a00000, 0x0000000082a00000|100%| O|  |TAMS 0x0000000082a00000, 0x0000000082900000| Updating 
|  42|0x0000000082a00000, 0x0000000082b00000, 0x0000000082b00000|100%| O|  |TAMS 0x0000000082b00000, 0x0000000082a00000| Updating 
|  43|0x0000000082b00000, 0x0000000082c00000, 0x0000000082c00000|100%|HS|  |TAMS 0x0000000082c00000, 0x0000000082b00000| Complete 
|  44|0x0000000082c00000, 0x0000000082d00000, 0x0000000082d00000|100%|HS|  |TAMS 0x0000000082d00000, 0x0000000082c00000| Complete 
|  45|0x0000000082d00000, 0x0000000082e00000, 0x0000000082e00000|100%|HS|  |TAMS 0x0000000082e00000, 0x0000000082d00000| Complete 
|  46|0x0000000082e00000, 0x0000000082f00000, 0x0000000082f00000|100%| O|  |TAMS 0x0000000082f00000, 0x0000000082e00000| Updating 
|  47|0x0000000082f00000, 0x0000000083000000, 0x0000000083000000|100%| O|  |TAMS 0x0000000083000000, 0x0000000082f00000| Untracked 
|  48|0x0000000083000000, 0x0000000083100000, 0x0000000083100000|100%| O|  |TAMS 0x0000000083100000, 0x0000000083000000| Untracked 
|  49|0x0000000083100000, 0x0000000083200000, 0x0000000083200000|100%| O|  |TAMS 0x0000000083200000, 0x0000000083100000| Updating 
|  50|0x0000000083200000, 0x0000000083300000, 0x0000000083300000|100%| O|  |TAMS 0x0000000083300000, 0x0000000083200000| Untracked 
|  51|0x0000000083300000, 0x0000000083400000, 0x0000000083400000|100%| O|  |TAMS 0x0000000083400000, 0x0000000083300000| Untracked 
|  52|0x0000000083400000, 0x0000000083500000, 0x0000000083500000|100%| O|  |TAMS 0x0000000083500000, 0x0000000083400000| Updating 
|  53|0x0000000083500000, 0x0000000083600000, 0x0000000083600000|100%| O|  |TAMS 0x0000000083600000, 0x0000000083500000| Updating 
|  54|0x0000000083600000, 0x0000000083700000, 0x0000000083700000|100%| O|  |TAMS 0x0000000083700000, 0x0000000083600000| Untracked 
|  55|0x0000000083700000, 0x0000000083800000, 0x0000000083800000|100%| O|  |TAMS 0x0000000083800000, 0x0000000083700000| Untracked 
|  56|0x0000000083800000, 0x0000000083900000, 0x0000000083900000|100%| O|  |TAMS 0x0000000083900000, 0x0000000083800000| Untracked 
|  57|0x0000000083900000, 0x0000000083a00000, 0x0000000083a00000|100%|HS|  |TAMS 0x0000000083a00000, 0x0000000083900000| Complete 
|  58|0x0000000083a00000, 0x0000000083b00000, 0x0000000083b00000|100%| O|  |TAMS 0x0000000083b00000, 0x0000000083a00000| Untracked 
|  59|0x0000000083b00000, 0x0000000083c00000, 0x0000000083c00000|100%| O|  |TAMS 0x0000000083c00000, 0x0000000083b00000| Untracked 
|  60|0x0000000083c00000, 0x0000000083d00000, 0x0000000083d00000|100%| O|  |TAMS 0x0000000083d00000, 0x0000000083c00000| Untracked 
|  61|0x0000000083d00000, 0x0000000083e00000, 0x0000000083e00000|100%| O|  |TAMS 0x0000000083e00000, 0x0000000083d00000| Untracked 
|  62|0x0000000083e00000, 0x0000000083f00000, 0x0000000083f00000|100%| O|  |TAMS 0x0000000083f00000, 0x0000000083e00000| Untracked 
|  63|0x0000000083f00000, 0x0000000084000000, 0x0000000084000000|100%| O|  |TAMS 0x0000000084000000, 0x0000000083f00000| Untracked 
|  64|0x0000000084000000, 0x0000000084100000, 0x0000000084100000|100%| O|  |TAMS 0x0000000084100000, 0x0000000084000000| Updating 
|  65|0x0000000084100000, 0x0000000084200000, 0x0000000084200000|100%| O|  |TAMS 0x0000000084200000, 0x0000000084100000| Updating 
|  66|0x0000000084200000, 0x0000000084300000, 0x0000000084300000|100%| O|  |TAMS 0x0000000084300000, 0x0000000084200000| Updating 
|  67|0x0000000084300000, 0x0000000084400000, 0x0000000084400000|100%| O|  |TAMS 0x0000000084400000, 0x0000000084300000| Untracked 
|  68|0x0000000084400000, 0x0000000084500000, 0x0000000084500000|100%| O|  |TAMS 0x0000000084500000, 0x0000000084400000| Untracked 
|  69|0x0000000084500000, 0x0000000084600000, 0x0000000084600000|100%| O|  |TAMS 0x0000000084600000, 0x0000000084500000| Untracked 
|  70|0x0000000084600000, 0x0000000084700000, 0x0000000084700000|100%| O|  |TAMS 0x0000000084700000, 0x0000000084600000| Updating 
|  71|0x0000000084700000, 0x0000000084800000, 0x0000000084800000|100%| O|  |TAMS 0x0000000084800000, 0x0000000084700000| Updating 
|  72|0x0000000084800000, 0x0000000084900000, 0x0000000084900000|100%| O|  |TAMS 0x0000000084900000, 0x0000000084800000| Untracked 
|  73|0x0000000084900000, 0x0000000084a00000, 0x0000000084a00000|100%| O|  |TAMS 0x0000000084a00000, 0x0000000084900000| Updating 
|  74|0x0000000084a00000, 0x0000000084b00000, 0x0000000084b00000|100%| O|  |TAMS 0x0000000084b00000, 0x0000000084a00000| Updating 
|  75|0x0000000084b00000, 0x0000000084c00000, 0x0000000084c00000|100%| O|  |TAMS 0x0000000084c00000, 0x0000000084b00000| Updating 
|  76|0x0000000084c00000, 0x0000000084d00000, 0x0000000084d00000|100%| O|  |TAMS 0x0000000084d00000, 0x0000000084c00000| Untracked 
|  77|0x0000000084d00000, 0x0000000084e00000, 0x0000000084e00000|100%| O|  |TAMS 0x0000000084e00000, 0x0000000084d00000| Untracked 
|  78|0x0000000084e00000, 0x0000000084f00000, 0x0000000084f00000|100%| O|  |TAMS 0x0000000084f00000, 0x0000000084e00000| Untracked 
|  79|0x0000000084f00000, 0x0000000085000000, 0x0000000085000000|100%| O|  |TAMS 0x0000000085000000, 0x0000000084f00000| Updating 
|  80|0x0000000085000000, 0x0000000085100000, 0x0000000085100000|100%| O|  |TAMS 0x0000000085100000, 0x0000000085000000| Updating 
|  81|0x0000000085100000, 0x0000000085200000, 0x0000000085200000|100%| O|  |TAMS 0x0000000085200000, 0x0000000085100000| Updating 
|  82|0x0000000085200000, 0x0000000085300000, 0x0000000085300000|100%| O|  |TAMS 0x0000000085300000, 0x0000000085200000| Updating 
|  83|0x0000000085300000, 0x0000000085400000, 0x0000000085400000|100%| O|  |TAMS 0x0000000085400000, 0x0000000085300000| Updating 
|  84|0x0000000085400000, 0x0000000085500000, 0x0000000085500000|100%| O|  |TAMS 0x0000000085500000, 0x0000000085400000| Updating 
|  85|0x0000000085500000, 0x0000000085600000, 0x0000000085600000|100%| O|  |TAMS 0x0000000085600000, 0x0000000085500000| Untracked 
|  86|0x0000000085600000, 0x0000000085700000, 0x0000000085700000|100%| O|  |TAMS 0x0000000085700000, 0x0000000085600000| Untracked 
|  87|0x0000000085700000, 0x0000000085800000, 0x0000000085800000|100%| O|  |TAMS 0x0000000085800000, 0x0000000085700000| Untracked 
|  88|0x0000000085800000, 0x0000000085900000, 0x0000000085900000|100%| O|  |TAMS 0x0000000085900000, 0x0000000085800000| Updating 
|  89|0x0000000085900000, 0x0000000085a00000, 0x0000000085a00000|100%|HS|  |TAMS 0x0000000085a00000, 0x0000000085900000| Complete 
|  90|0x0000000085a00000, 0x0000000085b00000, 0x0000000085b00000|100%|HC|  |TAMS 0x0000000085b00000, 0x0000000085a00000| Complete 
|  91|0x0000000085b00000, 0x0000000085c00000, 0x0000000085c00000|100%|HC|  |TAMS 0x0000000085c00000, 0x0000000085b00000| Complete 
|  92|0x0000000085c00000, 0x0000000085d00000, 0x0000000085d00000|100%| O|  |TAMS 0x0000000085c00000, 0x0000000085c00000| Untracked 
|  93|0x0000000085d00000, 0x0000000085e00000, 0x0000000085e00000|100%| O|  |TAMS 0x0000000085d00000, 0x0000000085d00000| Untracked 
|  94|0x0000000085e00000, 0x0000000085f00000, 0x0000000085f00000|100%| O|  |TAMS 0x0000000085ed1000, 0x0000000085e00000| Untracked 
|  95|0x0000000085f00000, 0x0000000086000000, 0x0000000086000000|100%|HS|  |TAMS 0x0000000086000000, 0x0000000085f00000| Complete 
|  96|0x0000000086000000, 0x0000000086100000, 0x0000000086100000|100%|HC|  |TAMS 0x0000000086100000, 0x0000000086000000| Complete 
|  97|0x0000000086100000, 0x0000000086200000, 0x0000000086200000|100%|HC|  |TAMS 0x0000000086200000, 0x0000000086100000| Complete 
|  98|0x0000000086200000, 0x0000000086300000, 0x0000000086300000|100%|HC|  |TAMS 0x0000000086300000, 0x0000000086200000| Complete 
|  99|0x0000000086300000, 0x0000000086400000, 0x0000000086400000|100%|HC|  |TAMS 0x0000000086400000, 0x0000000086300000| Complete 
| 100|0x0000000086400000, 0x0000000086500000, 0x0000000086500000|100%|HC|  |TAMS 0x0000000086500000, 0x0000000086400000| Complete 
| 101|0x0000000086500000, 0x0000000086600000, 0x0000000086600000|100%|HC|  |TAMS 0x0000000086600000, 0x0000000086500000| Complete 
| 102|0x0000000086600000, 0x0000000086700000, 0x0000000086700000|100%|HC|  |TAMS 0x0000000086700000, 0x0000000086600000| Complete 
| 103|0x0000000086700000, 0x0000000086800000, 0x0000000086800000|100%|HC|  |TAMS 0x0000000086800000, 0x0000000086700000| Complete 
| 104|0x0000000086800000, 0x0000000086900000, 0x0000000086900000|100%| O|  |TAMS 0x0000000086800000, 0x0000000086800000| Untracked 
| 105|0x0000000086900000, 0x00000000869d2a00, 0x0000000086a00000| 82%| O|  |TAMS 0x0000000086900000, 0x0000000086900000| Updating 
| 106|0x0000000086a00000, 0x0000000086b00000, 0x0000000086b00000|100%|HS|  |TAMS 0x0000000086a00000, 0x0000000086a00000| Complete 
| 107|0x0000000086b00000, 0x0000000086c00000, 0x0000000086c00000|100%|HC|  |TAMS 0x0000000086b00000, 0x0000000086b00000| Complete 
| 108|0x0000000086c00000, 0x0000000086d00000, 0x0000000086d00000|100%|HC|  |TAMS 0x0000000086c00000, 0x0000000086c00000| Complete 
| 109|0x0000000086d00000, 0x0000000086e00000, 0x0000000086e00000|100%|HC|  |TAMS 0x0000000086d00000, 0x0000000086d00000| Complete 
| 110|0x0000000086e00000, 0x0000000086f00000, 0x0000000086f00000|100%|HC|  |TAMS 0x0000000086e00000, 0x0000000086e00000| Complete 
| 111|0x0000000086f00000, 0x0000000087000000, 0x0000000087000000|100%|HC|  |TAMS 0x0000000086f00000, 0x0000000086f00000| Complete 
| 112|0x0000000087000000, 0x0000000087100000, 0x0000000087100000|100%|HC|  |TAMS 0x0000000087000000, 0x0000000087000000| Complete 
| 113|0x0000000087100000, 0x0000000087200000, 0x0000000087200000|100%|HC|  |TAMS 0x0000000087100000, 0x0000000087100000| Complete 
| 114|0x0000000087200000, 0x0000000087300000, 0x0000000087300000|100%|HC|  |TAMS 0x0000000087200000, 0x0000000087200000| Complete 
| 115|0x0000000087300000, 0x0000000087400000, 0x0000000087400000|100%|HS|  |TAMS 0x0000000087300000, 0x0000000087300000| Complete 
| 116|0x0000000087400000, 0x0000000087500000, 0x0000000087500000|100%|HC|  |TAMS 0x0000000087400000, 0x0000000087400000| Complete 
| 117|0x0000000087500000, 0x0000000087600000, 0x0000000087600000|100%|HC|  |TAMS 0x0000000087500000, 0x0000000087500000| Complete 
| 118|0x0000000087600000, 0x0000000087700000, 0x0000000087700000|100%|HC|  |TAMS 0x0000000087600000, 0x0000000087600000| Complete 
| 119|0x0000000087700000, 0x0000000087800000, 0x0000000087800000|100%|HS|  |TAMS 0x0000000087700000, 0x0000000087700000| Complete 
| 120|0x0000000087800000, 0x0000000087900000, 0x0000000087900000|100%|HS|  |TAMS 0x0000000087800000, 0x0000000087800000| Complete 
| 121|0x0000000087900000, 0x0000000087900000, 0x0000000087a00000|  0%| F|  |TAMS 0x0000000087900000, 0x0000000087900000| Untracked 
| 122|0x0000000087a00000, 0x0000000087aa5d00, 0x0000000087b00000| 64%| S|CS|TAMS 0x0000000087a00000, 0x0000000087a00000| Complete 
| 123|0x0000000087b00000, 0x0000000087c00000, 0x0000000087c00000|100%| S|CS|TAMS 0x0000000087b00000, 0x0000000087b00000| Complete 
| 124|0x0000000087c00000, 0x0000000087d00000, 0x0000000087d00000|100%| S|CS|TAMS 0x0000000087c00000, 0x0000000087c00000| Complete 
| 125|0x0000000087d00000, 0x0000000087e00000, 0x0000000087e00000|100%|HS|  |TAMS 0x0000000087d00000, 0x0000000087d00000| Complete 
| 126|0x0000000087e00000, 0x0000000087f00000, 0x0000000087f00000|100%|HC|  |TAMS 0x0000000087e00000, 0x0000000087e00000| Complete 
| 127|0x0000000087f00000, 0x0000000088000000, 0x0000000088000000|100%|HC|  |TAMS 0x0000000087f00000, 0x0000000087f00000| Complete 
| 128|0x0000000088000000, 0x0000000088100000, 0x0000000088100000|100%|HC|  |TAMS 0x0000000088000000, 0x0000000088000000| Complete 
| 129|0x0000000088100000, 0x0000000088200000, 0x0000000088200000|100%|HC|  |TAMS 0x0000000088100000, 0x0000000088100000| Complete 
| 130|0x0000000088200000, 0x0000000088300000, 0x0000000088300000|100%|HC|  |TAMS 0x0000000088200000, 0x0000000088200000| Complete 
| 131|0x0000000088300000, 0x0000000088400000, 0x0000000088400000|100%|HC|  |TAMS 0x0000000088300000, 0x0000000088300000| Complete 
| 132|0x0000000088400000, 0x0000000088500000, 0x0000000088500000|100%|HC|  |TAMS 0x0000000088400000, 0x0000000088400000| Complete 
| 133|0x0000000088500000, 0x0000000088600000, 0x0000000088600000|100%|HC|  |TAMS 0x0000000088500000, 0x0000000088500000| Complete 
| 134|0x0000000088600000, 0x0000000088600000, 0x0000000088700000|  0%| F|  |TAMS 0x0000000088600000, 0x0000000088600000| Untracked 
| 135|0x0000000088700000, 0x0000000088700000, 0x0000000088800000|  0%| F|  |TAMS 0x0000000088700000, 0x0000000088700000| Untracked 
| 136|0x0000000088800000, 0x0000000088800000, 0x0000000088900000|  0%| F|  |TAMS 0x0000000088800000, 0x0000000088800000| Untracked 
| 137|0x0000000088900000, 0x0000000088900000, 0x0000000088a00000|  0%| F|  |TAMS 0x0000000088900000, 0x0000000088900000| Untracked 
| 138|0x0000000088a00000, 0x0000000088a00000, 0x0000000088b00000|  0%| F|  |TAMS 0x0000000088a00000, 0x0000000088a00000| Untracked 
| 139|0x0000000088b00000, 0x0000000088b00000, 0x0000000088c00000|  0%| F|  |TAMS 0x0000000088b00000, 0x0000000088b00000| Untracked 
| 140|0x0000000088c00000, 0x0000000088c00000, 0x0000000088d00000|  0%| F|  |TAMS 0x0000000088c00000, 0x0000000088c00000| Untracked 
| 141|0x0000000088d00000, 0x0000000088d00000, 0x0000000088e00000|  0%| F|  |TAMS 0x0000000088d00000, 0x0000000088d00000| Untracked 
| 142|0x0000000088e00000, 0x0000000088e00000, 0x0000000088f00000|  0%| F|  |TAMS 0x0000000088e00000, 0x0000000088e00000| Untracked 
| 143|0x0000000088f00000, 0x0000000088f00000, 0x0000000089000000|  0%| F|  |TAMS 0x0000000088f00000, 0x0000000088f00000| Untracked 
| 144|0x0000000089000000, 0x0000000089000000, 0x0000000089100000|  0%| F|  |TAMS 0x0000000089000000, 0x0000000089000000| Untracked 
| 145|0x0000000089100000, 0x0000000089100000, 0x0000000089200000|  0%| F|  |TAMS 0x0000000089100000, 0x0000000089100000| Untracked 
| 146|0x0000000089200000, 0x0000000089200000, 0x0000000089300000|  0%| F|  |TAMS 0x0000000089200000, 0x0000000089200000| Untracked 
| 147|0x0000000089300000, 0x0000000089300000, 0x0000000089400000|  0%| F|  |TAMS 0x0000000089300000, 0x0000000089300000| Untracked 
| 148|0x0000000089400000, 0x00000000894cabe8, 0x0000000089500000| 79%| E|  |TAMS 0x0000000089400000, 0x0000000089400000| Complete 

Card table byte_map: [0x000001a8fdfa0000,0x000001a8fe3a0000] _byte_map_base: 0x000001a8fdba0000

Marking Bits (Prev, Next): (CMBitMap*) 0x000001a8eb3f9340, (CMBitMap*) 0x000001a8eb3f9380
 Prev Bits: [0x000001a880000000, 0x000001a882000000)
 Next Bits: [0x000001a882000000, 0x000001a884000000)

Polling page: 0x000001a8eab50000

Metaspace:

Usage:
  Non-class:     82.86 MB used.
      Class:     13.30 MB used.
       Both:     96.17 MB used.

Virtual space:
  Non-class space:      128.00 MB reserved,      83.25 MB ( 65%) committed,  2 nodes.
      Class space:        1.00 GB reserved,      13.62 MB (  1%) committed,  1 nodes.
             Both:        1.12 GB reserved,      96.88 MB (  8%) committed. 

Chunk freelists:
   Non-Class:  12.15 MB
       Class:  2.38 MB
        Both:  14.53 MB

MaxMetaspaceSize: unlimited
CompressedClassSpaceSize: 1.00 GB
Initial GC threshold: 21.00 MB
Current GC threshold: 98.06 MB
CDS: off
MetaspaceReclaimPolicy: balanced
 - commit_granule_bytes: 65536.
 - commit_granule_words: 8192.
 - virtual_space_node_default_size: 8388608.
 - enlarge_chunks_in_place: 1.
 - new_chunks_are_fully_committed: 0.
 - uncommit_free_chunks: 1.
 - use_allocation_guard: 0.
 - handle_deallocations: 1.


Internal statistics:

num_allocs_failed_limit: 6.
num_arena_births: 1160.
num_arena_deaths: 0.
num_vsnodes_births: 3.
num_vsnodes_deaths: 0.
num_space_committed: 1549.
num_space_uncommitted: 0.
num_chunks_returned_to_freelist: 6.
num_chunks_taken_from_freelist: 4968.
num_chunk_merges: 6.
num_chunk_splits: 3225.
num_chunks_enlarged: 2072.
num_inconsistent_stats: 0.

CodeHeap 'non-profiled nmethods': size=120000Kb used=5534Kb max_used=5534Kb free=114465Kb
 bounds [0x000001a8f6340000, 0x000001a8f68b0000, 0x000001a8fd870000]
CodeHeap 'profiled nmethods': size=120000Kb used=19225Kb max_used=20148Kb free=100774Kb
 bounds [0x000001a8ee870000, 0x000001a8efc30000, 0x000001a8f5da0000]
CodeHeap 'non-nmethods': size=5760Kb used=1707Kb max_used=1772Kb free=4052Kb
 bounds [0x000001a8f5da0000, 0x000001a8f6010000, 0x000001a8f6340000]
 total_blobs=11272 nmethods=10475 adapters=709
 compilation: enabled
              stopped_count=0, restarted_count=0
 full_count=0

Compilation events (20 events):
Event: 48.067 Thread 0x000001a8ff398640 12537       4       java.nio.HeapByteBuffer::getShort (29 bytes)
Event: 48.069 Thread 0x000001a8ff398640 nmethod 12537 0x000001a8f68a6790 code [0x000001a8f68a6900, 0x000001a8f68a6a18]
Event: 48.069 Thread 0x000001a8ff398640 12538       4       jdk.internal.misc.Unsafe::getShortUnaligned (12 bytes)
Event: 48.070 Thread 0x000001a8ff398640 nmethod 12538 0x000001a8f68a6b90 code [0x000001a8f68a6d00, 0x000001a8f68a6db8]
Event: 48.073 Thread 0x000001a8ff3990f0 12539       3       com.android.zipflinger.Entry::<init> (32 bytes)
Event: 48.073 Thread 0x000001a8ff398640 12542       4       com.android.zipflinger.Ints::ushortToInt (5 bytes)
Event: 48.073 Thread 0x000001a8ff3990f0 nmethod 12539 0x000001a8ef1c8b90 code [0x000001a8ef1c8d40, 0x000001a8ef1c9078]
Event: 48.073 Thread 0x000001a8ff3990f0 12540       3       com.android.zipflinger.ZipMap::parseCentralDirectoryRecord (533 bytes)
Event: 48.073 Thread 0x000001a8ff398640 nmethod 12542 0x000001a8f68a6e90 code [0x000001a8f68a7000, 0x000001a8f68a7058]
Event: 48.077 Thread 0x000001a8ff3990f0 nmethod 12540 0x000001a8ef3e1910 code [0x000001a8ef3e1ea0, 0x000001a8ef3e5148]
Event: 48.077 Thread 0x000001a8ff3990f0 12541       3       com.android.zipflinger.ZipMap::parseName (16 bytes)
Event: 48.077 Thread 0x000001a8ff3990f0 nmethod 12541 0x000001a8ef1f8290 code [0x000001a8ef1f8440, 0x000001a8ef1f87b8]
Event: 48.084 Thread 0x000001a8ff3990f0 12544       3       com.android.zipflinger.ZipMap::checkPolicy (99 bytes)
Event: 48.085 Thread 0x000001a8ff3990f0 nmethod 12544 0x000001a8ee8ef610 code [0x000001a8ee8ef8e0, 0x000001a8ee8f0ab8]
Event: 48.086 Thread 0x000001a8ff3990f0 12545       3       com.android.zipflinger.Entry::setNameBytes (16 bytes)
Event: 48.086 Thread 0x000001a8ff3990f0 nmethod 12545 0x000001a8ef3aec90 code [0x000001a8ef3aee40, 0x000001a8ef3af048]
Event: 48.087 Thread 0x000001a8ff3990f0 12546       3       com.android.zipflinger.ZipMap::readLocalFields (67 bytes)
Event: 48.087 Thread 0x000001a8ff3990f0 nmethod 12546 0x000001a8ef2dae10 code [0x000001a8ef2db020, 0x000001a8ef2db4d8]
Event: 48.093 Thread 0x000001a8ff398640 12547       4       java.nio.Buffer::remaining (20 bytes)
Event: 48.094 Thread 0x000001a8ff398640 nmethod 12547 0x000001a8f68a7590 code [0x000001a8f68a7700, 0x000001a8f68a7798]

GC Heap History (20 events):
Event: 33.872 GC heap before
{Heap before GC invocations=42 (full 0):
 garbage-first heap   total 126976K, used 105273K [0x0000000080000000, 0x0000000100000000)
  region size 1024K, 22 young (22528K), 3 survivors (3072K)
 Metaspace       used 93926K, committed 94656K, reserved 1179648K
  class space    used 13143K, committed 13440K, reserved 1048576K
}
Event: 33.878 GC heap after
{Heap after GC invocations=43 (full 0):
 garbage-first heap   total 126976K, used 86579K [0x0000000080000000, 0x0000000100000000)
  region size 1024K, 3 young (3072K), 3 survivors (3072K)
 Metaspace       used 93926K, committed 94656K, reserved 1179648K
  class space    used 13143K, committed 13440K, reserved 1048576K
}
Event: 34.784 GC heap before
{Heap before GC invocations=43 (full 0):
 garbage-first heap   total 126976K, used 103987K [0x0000000080000000, 0x0000000100000000)
  region size 1024K, 21 young (21504K), 3 survivors (3072K)
 Metaspace       used 94108K, committed 94848K, reserved 1179648K
  class space    used 13150K, committed 13504K, reserved 1048576K
}
Event: 34.790 GC heap after
{Heap after GC invocations=44 (full 0):
 garbage-first heap   total 126976K, used 87954K [0x0000000080000000, 0x0000000100000000)
  region size 1024K, 3 young (3072K), 3 survivors (3072K)
 Metaspace       used 94108K, committed 94848K, reserved 1179648K
  class space    used 13150K, committed 13504K, reserved 1048576K
}
Event: 35.256 GC heap before
{Heap before GC invocations=44 (full 0):
 garbage-first heap   total 126976K, used 104338K [0x0000000080000000, 0x0000000100000000)
  region size 1024K, 20 young (20480K), 3 survivors (3072K)
 Metaspace       used 94175K, committed 94848K, reserved 1179648K
  class space    used 13150K, committed 13504K, reserved 1048576K
}
Event: 35.261 GC heap after
{Heap after GC invocations=45 (full 0):
 garbage-first heap   total 126976K, used 89175K [0x0000000080000000, 0x0000000100000000)
  region size 1024K, 3 young (3072K), 3 survivors (3072K)
 Metaspace       used 94175K, committed 94848K, reserved 1179648K
  class space    used 13150K, committed 13504K, reserved 1048576K
}
Event: 35.917 GC heap before
{Heap before GC invocations=45 (full 0):
 garbage-first heap   total 126976K, used 103511K [0x0000000080000000, 0x0000000100000000)
  region size 1024K, 18 young (18432K), 3 survivors (3072K)
 Metaspace       used 94271K, committed 94976K, reserved 1179648K
  class space    used 13163K, committed 13504K, reserved 1048576K
}
Event: 35.923 GC heap after
{Heap after GC invocations=46 (full 0):
 garbage-first heap   total 152576K, used 90088K [0x0000000080000000, 0x0000000100000000)
  region size 1024K, 3 young (3072K), 3 survivors (3072K)
 Metaspace       used 94271K, committed 94976K, reserved 1179648K
  class space    used 13163K, committed 13504K, reserved 1048576K
}
Event: 36.856 GC heap before
{Heap before GC invocations=46 (full 0):
 garbage-first heap   total 152576K, used 121832K [0x0000000080000000, 0x0000000100000000)
  region size 1024K, 35 young (35840K), 3 survivors (3072K)
 Metaspace       used 94342K, committed 95040K, reserved 1179648K
  class space    used 13170K, committed 13504K, reserved 1048576K
}
Event: 36.861 GC heap after
{Heap after GC invocations=47 (full 0):
 garbage-first heap   total 152576K, used 91283K [0x0000000080000000, 0x0000000100000000)
  region size 1024K, 4 young (4096K), 4 survivors (4096K)
 Metaspace       used 94342K, committed 95040K, reserved 1179648K
  class space    used 13170K, committed 13504K, reserved 1048576K
}
Event: 37.915 GC heap before
{Heap before GC invocations=47 (full 0):
 garbage-first heap   total 152576K, used 123027K [0x0000000080000000, 0x0000000100000000)
  region size 1024K, 36 young (36864K), 4 survivors (4096K)
 Metaspace       used 94629K, committed 95360K, reserved 1179648K
  class space    used 13205K, committed 13568K, reserved 1048576K
}
Event: 37.923 GC heap after
{Heap after GC invocations=48 (full 0):
 garbage-first heap   total 152576K, used 92736K [0x0000000080000000, 0x0000000100000000)
  region size 1024K, 5 young (5120K), 5 survivors (5120K)
 Metaspace       used 94629K, committed 95360K, reserved 1179648K
  class space    used 13205K, committed 13568K, reserved 1048576K
}
Event: 39.197 GC heap before
{Heap before GC invocations=48 (full 0):
 garbage-first heap   total 152576K, used 122432K [0x0000000080000000, 0x0000000100000000)
  region size 1024K, 35 young (35840K), 5 survivors (5120K)
 Metaspace       used 94638K, committed 95360K, reserved 1179648K
  class space    used 13205K, committed 13568K, reserved 1048576K
}
Event: 39.208 GC heap after
{Heap after GC invocations=49 (full 0):
 garbage-first heap   total 152576K, used 93896K [0x0000000080000000, 0x0000000100000000)
  region size 1024K, 4 young (4096K), 4 survivors (4096K)
 Metaspace       used 94638K, committed 95360K, reserved 1179648K
  class space    used 13205K, committed 13568K, reserved 1048576K
}
Event: 39.963 GC heap before
{Heap before GC invocations=49 (full 0):
 garbage-first heap   total 152576K, used 124616K [0x0000000080000000, 0x0000000100000000)
  region size 1024K, 35 young (35840K), 4 survivors (4096K)
 Metaspace       used 94664K, committed 95424K, reserved 1179648K
  class space    used 13208K, committed 13568K, reserved 1048576K
}
Event: 39.971 GC heap after
{Heap after GC invocations=50 (full 0):
 garbage-first heap   total 152576K, used 94565K [0x0000000080000000, 0x0000000100000000)
  region size 1024K, 4 young (4096K), 4 survivors (4096K)
 Metaspace       used 94664K, committed 95424K, reserved 1179648K
  class space    used 13208K, committed 13568K, reserved 1048576K
}
Event: 41.484 GC heap before
{Heap before GC invocations=50 (full 0):
 garbage-first heap   total 152576K, used 129381K [0x0000000080000000, 0x0000000100000000)
  region size 1024K, 34 young (34816K), 4 survivors (4096K)
 Metaspace       used 96229K, committed 96960K, reserved 1179648K
  class space    used 13330K, committed 13696K, reserved 1048576K
}
Event: 41.491 GC heap after
{Heap after GC invocations=51 (full 0):
 garbage-first heap   total 152576K, used 96313K [0x0000000080000000, 0x0000000100000000)
  region size 1024K, 5 young (5120K), 5 survivors (5120K)
 Metaspace       used 96229K, committed 96960K, reserved 1179648K
  class space    used 13330K, committed 13696K, reserved 1048576K
}
Event: 47.659 GC heap before
{Heap before GC invocations=51 (full 0):
 garbage-first heap   total 152576K, used 131129K [0x0000000080000000, 0x0000000100000000)
  region size 1024K, 29 young (29696K), 5 survivors (5120K)
 Metaspace       used 98412K, committed 99136K, reserved 1179648K
  class space    used 13621K, committed 13952K, reserved 1048576K
}
Event: 47.683 GC heap after
{Heap after GC invocations=52 (full 0):
 garbage-first heap   total 152576K, used 111073K [0x0000000080000000, 0x0000000100000000)
  region size 1024K, 3 young (3072K), 3 survivors (3072K)
 Metaspace       used 98412K, committed 99136K, reserved 1179648K
  class space    used 13621K, committed 13952K, reserved 1048576K
}

Dll operation events (3 events):
Event: 0.030 Loaded shared library C:\Program Files\Android\Android Studio\jbr\bin\java.dll
Event: 0.778 Loaded shared library C:\Program Files\Android\Android Studio\jbr\bin\zip.dll
Event: 1.518 Loaded shared library C:\Program Files\Android\Android Studio\jbr\bin\verify.dll

Deoptimization events (20 events):
Event: 42.756 Thread 0x000001a88a088e50 DEOPT PACKING pc=0x000001a8f6876c10 sp=0x00000051c09fda90
Event: 42.756 Thread 0x000001a88a088e50 DEOPT UNPACKING pc=0x000001a8f5df69a3 sp=0x00000051c09fda48 mode 2
Event: 42.872 Thread 0x000001a88a088e50 DEOPT PACKING pc=0x000001a8eed2e78b sp=0x00000051c09fd880
Event: 42.872 Thread 0x000001a88a088e50 DEOPT UNPACKING pc=0x000001a8f5df7143 sp=0x00000051c09fcd50 mode 0
Event: 43.002 Thread 0x000001a88a088e50 Uncommon trap: trap_request=0xffffff45 fr.pc=0x000001a8f6654084 relative=0x00000000000003e4
Event: 43.002 Thread 0x000001a88a088e50 Uncommon trap: reason=unstable_if action=reinterpret pc=0x000001a8f6654084 method=java.util.stream.StreamOpFlag.getMask(I)I @ 1 c2
Event: 43.002 Thread 0x000001a88a088e50 DEOPT PACKING pc=0x000001a8f6654084 sp=0x00000051c09fe0c0
Event: 43.002 Thread 0x000001a88a088e50 DEOPT UNPACKING pc=0x000001a8f5df69a3 sp=0x00000051c09fdfb0 mode 2
Event: 43.031 Thread 0x000001a88a088e50 Uncommon trap: trap_request=0xffffff45 fr.pc=0x000001a8f65c9714 relative=0x0000000000000114
Event: 43.031 Thread 0x000001a88a088e50 Uncommon trap: reason=unstable_if action=reinterpret pc=0x000001a8f65c9714 method=jdk.internal.org.objectweb.asm.ByteVector.putInt(I)Ljdk/internal/org/objectweb/asm/ByteVector; @ 13 c2
Event: 43.031 Thread 0x000001a88a088e50 DEOPT PACKING pc=0x000001a8f65c9714 sp=0x00000051c09fcc60
Event: 43.031 Thread 0x000001a88a088e50 DEOPT UNPACKING pc=0x000001a8f5df69a3 sp=0x00000051c09fcbf8 mode 2
Event: 47.154 Thread 0x000001a88a089870 Uncommon trap: trap_request=0xffffff45 fr.pc=0x000001a8f660067c relative=0x000000000000023c
Event: 47.154 Thread 0x000001a88a089870 Uncommon trap: reason=unstable_if action=reinterpret pc=0x000001a8f660067c method=java.lang.ThreadLocal.get()Ljava/lang/Object; @ 11 c2
Event: 47.154 Thread 0x000001a88a089870 DEOPT PACKING pc=0x000001a8f660067c sp=0x00000051c0afdf60
Event: 47.154 Thread 0x000001a88a089870 DEOPT UNPACKING pc=0x000001a8f5df69a3 sp=0x00000051c0afdef8 mode 2
Event: 47.168 Thread 0x000001a88a08c0f0 Uncommon trap: trap_request=0xffffff45 fr.pc=0x000001a8f676ed10 relative=0x00000000000003b0
Event: 47.168 Thread 0x000001a88a08c0f0 Uncommon trap: reason=unstable_if action=reinterpret pc=0x000001a8f676ed10 method=java.lang.ThreadLocal.get()Ljava/lang/Object; @ 11 c2
Event: 47.168 Thread 0x000001a88a08c0f0 DEOPT PACKING pc=0x000001a8f676ed10 sp=0x00000051c0efe960
Event: 47.169 Thread 0x000001a88a08c0f0 DEOPT UNPACKING pc=0x000001a8f5df69a3 sp=0x00000051c0efe8b0 mode 2

Classes unloaded (0 events):
No events

Classes redefined (0 events):
No events

Internal exceptions (20 events):
Event: 40.840 Thread 0x000001a88d4d3e70 Exception <a 'java/lang/NoSuchMethodError'{0x00000000882993b8}: static Ljava/lang/Object;.<clinit>()V> (0x00000000882993b8) 
thrown [s\src\hotspot\share\prims\jni.cpp, line 1127]
Event: 41.306 Thread 0x000001a88d4d3e70 Exception <a 'sun/nio/fs/WindowsException'{0x0000000087bb1218}> (0x0000000087bb1218) 
thrown [s\src\hotspot\share\prims\jni.cpp, line 531]
Event: 41.307 Thread 0x000001a88d4d3e70 Exception <a 'sun/nio/fs/WindowsException'{0x0000000087bb21c8}> (0x0000000087bb21c8) 
thrown [s\src\hotspot\share\prims\jni.cpp, line 531]
Event: 41.307 Thread 0x000001a88d4d3e70 Exception <a 'sun/nio/fs/WindowsException'{0x0000000087bb2258}> (0x0000000087bb2258) 
thrown [s\src\hotspot\share\prims\jni.cpp, line 531]
Event: 41.307 Thread 0x000001a88d4d3e70 Exception <a 'sun/nio/fs/WindowsException'{0x0000000087bb2558}> (0x0000000087bb2558) 
thrown [s\src\hotspot\share\prims\jni.cpp, line 531]
Event: 41.822 Thread 0x000001a88d4d3e70 Exception <a 'java/lang/NoSuchMethodError'{0x0000000088ba9870}: static Lcom/android/build/api/variant/impl/SerializableApplicationMultiOutputHandler;.<clinit>()V> (0x0000000088ba9870) 
thrown [s\src\hotspot\share\prims\jni.cpp, line 1127]
Event: 41.826 Thread 0x000001a88d4d3e70 Exception <a 'java/lang/NoSuchMethodError'{0x0000000088bbfaf8}: static Lcom/android/build/api/variant/impl/VariantOutputImpl$SerializedForm;.<clinit>()V> (0x0000000088bbfaf8) 
thrown [s\src\hotspot\share\prims\jni.cpp, line 1127]
Event: 41.827 Thread 0x000001a88d4d3e70 Exception <a 'java/lang/NoSuchMethodError'{0x0000000088bd40f0}: static Lcom/android/build/api/variant/impl/VariantOutputConfigurationImpl;.<clinit>()V> (0x0000000088bd40f0) 
thrown [s\src\hotspot\share\prims\jni.cpp, line 1127]
Event: 42.264 Thread 0x000001a88a088e50 Exception <a 'sun/nio/fs/WindowsException'{0x00000000886e1820}> (0x00000000886e1820) 
thrown [s\src\hotspot\share\prims\jni.cpp, line 531]
Event: 42.713 Thread 0x000001a88a088e50 Exception <a 'java/lang/NoSuchMethodError'{0x00000000885c7828}: 'java.lang.Object java.lang.invoke.DirectMethodHandle$Holder.newInvokeSpecial(java.lang.Object, java.lang.Object, java.lang.Object, java.lang.Object, java.lang.Object, int, java.lang.Object)'> (0x00000000885c7828) 
thrown [s\src\hotspot\share\interpreter\linkResolver.cpp, line 771]
Event: 42.733 Thread 0x000001a88a088e50 Exception <a 'java/lang/NoSuchMethodError'{0x00000000885d0cf0}: 'java.lang.Object java.lang.invoke.Invokers$Holder.linkToTargetMethod(java.lang.Object, java.lang.Object, java.lang.Object, java.lang.Object, int, java.lang.Object, java.lang.Object)'> (0x00000000885d0cf0) 
thrown [s\src\hotspot\share\interpreter\linkResolver.cpp, line 771]
Event: 42.756 Thread 0x000001a88a088e50 Implicit null exception at 0x000001a8f6876a97 to 0x000001a8f6876bf8
Event: 42.782 Thread 0x000001a88a088e50 Exception <a 'java/lang/NoSuchMethodError'{0x00000000884674b0}: 'java.lang.Object java.lang.invoke.DirectMethodHandle$Holder.newInvokeSpecial(java.lang.Object, java.lang.Object, java.lang.Object, java.lang.Object, java.lang.Object, java.lang.Object, java.lang.Object, int)'> (0x00000000884674b0) 
thrown [s\src\hotspot\share\interpreter\linkResolver.cpp, line 771]
Event: 42.790 Thread 0x000001a88a088e50 Exception <a 'java/lang/NoSuchMethodError'{0x000000008846c9a0}: 'java.lang.Object java.lang.invoke.DirectMethodHandle$Holder.invokeSpecial(java.lang.Object, java.lang.Object, java.lang.Object, java.lang.Object, java.lang.Object, java.lang.Object, java.lang.Object, java.lang.Object, int)'> (0x000000008846c9a0) 
thrown [s\src\hotspot\share\interpreter\linkResolver.cpp, line 771]
Event: 42.791 Thread 0x000001a88a088e50 Exception <a 'java/lang/NoSuchMethodError'{0x0000000088471a28}: 'java.lang.Object java.lang.invoke.Invokers$Holder.linkToTargetMethod(java.lang.Object, java.lang.Object, java.lang.Object, java.lang.Object, java.lang.Object, java.lang.Object, int, java.lang.Object)'> (0x0000000088471a28) 
thrown [s\src\hotspot\share\interpreter\linkResolver.cpp, line 771]
Event: 43.059 Thread 0x000001a88a088e50 Exception <a 'sun/nio/fs/WindowsException'{0x0000000088053d78}> (0x0000000088053d78) 
thrown [s\src\hotspot\share\prims\jni.cpp, line 531]
Event: 43.059 Thread 0x000001a88a088e50 Exception <a 'sun/nio/fs/WindowsException'{0x0000000088054048}> (0x0000000088054048) 
thrown [s\src\hotspot\share\prims\jni.cpp, line 531]
Event: 43.106 Thread 0x000001a88a088e50 Exception <a 'java/lang/NoSuchMethodError'{0x0000000087fdd378}: 'java.lang.Object java.lang.invoke.Invokers$Holder.invoke_MT(java.lang.Object, java.lang.Object, java.lang.Object)'> (0x0000000087fdd378) 
thrown [s\src\hotspot\share\interpreter\linkResolver.cpp, line 771]
Event: 47.154 Thread 0x000001a88a089870 Implicit null exception at 0x000001a8f6600483 to 0x000001a8f6600668
Event: 47.168 Thread 0x000001a88a08c0f0 Implicit null exception at 0x000001a8f676e992 to 0x000001a8f676ed00

VM Operations (20 events):
Event: 41.493 Executing VM operation: G1CollectForAllocation done
Event: 42.205 Executing VM operation: HandshakeAllThreads
Event: 42.205 Executing VM operation: HandshakeAllThreads done
Event: 42.273 Executing VM operation: HandshakeAllThreads
Event: 42.274 Executing VM operation: HandshakeAllThreads done
Event: 42.377 Executing VM operation: HandshakeAllThreads
Event: 42.377 Executing VM operation: HandshakeAllThreads done
Event: 42.403 Executing VM operation: HandshakeAllThreads
Event: 42.403 Executing VM operation: HandshakeAllThreads done
Event: 42.754 Executing VM operation: HandshakeAllThreads
Event: 42.754 Executing VM operation: HandshakeAllThreads done
Event: 42.754 Executing VM operation: Cleanup
Event: 42.754 Executing VM operation: Cleanup done
Event: 43.768 Executing VM operation: Cleanup
Event: 43.769 Executing VM operation: Cleanup done
Event: 45.788 Executing VM operation: Cleanup
Event: 45.788 Executing VM operation: Cleanup done
Event: 47.217 Executing VM operation: G1TryInitiateConcMark
Event: 47.684 Executing VM operation: G1TryInitiateConcMark done
Event: 48.178 Executing VM operation: G1PauseRemark

Events (20 events):
Event: 43.108 loading class sun/nio/ch/Util$4 done
Event: 47.033 loading class java/util/concurrent/ForkJoinTask$AdaptedCallable
Event: 47.036 loading class java/util/concurrent/ForkJoinTask
Event: 47.044 loading class java/util/concurrent/ForkJoinTask done
Event: 47.044 loading class java/util/concurrent/ForkJoinTask$AdaptedCallable done
Event: 47.051 loading class java/util/concurrent/ForkJoinTask$Aux
Event: 47.051 loading class java/util/concurrent/ForkJoinTask$Aux done
Event: 47.075 loading class java/util/concurrent/ForkJoinPool$DefaultCommonPoolForkJoinWorkerThreadFactory$1
Event: 47.075 loading class java/util/concurrent/ForkJoinPool$DefaultCommonPoolForkJoinWorkerThreadFactory$1 done
Event: 47.076 Thread 0x000001a88a089870 Thread added: 0x000001a88a089870
Event: 47.120 Thread 0x000001a88a08bbe0 Thread added: 0x000001a88a08bbe0
Event: 47.137 Thread 0x000001a88a08fdb0 Thread added: 0x000001a88a08fdb0
Event: 47.144 Thread 0x000001a88a08a290 Thread added: 0x000001a88a08a290
Event: 47.145 Thread 0x000001a88a08c0f0 Thread added: 0x000001a88a08c0f0
Event: 47.145 Thread 0x000001a88a08f390 Thread added: 0x000001a88a08f390
Event: 47.145 Thread 0x000001a88a08cb10 Thread added: 0x000001a88a08cb10
Event: 47.731 loading class java/util/zip/Deflater
Event: 47.736 loading class java/util/zip/Deflater done
Event: 47.751 loading class java/util/zip/Deflater$DeflaterZStreamRef
Event: 47.751 loading class java/util/zip/Deflater$DeflaterZStreamRef done


Dynamic libraries:
0x00007ff6c9d60000 - 0x00007ff6c9d6a000 	C:\Program Files\Android\Android Studio\jbr\bin\java.exe
0x00007ffe07f50000 - 0x00007ffe08167000 	C:\WINDOWS\SYSTEM32\ntdll.dll
0x00007ffe06370000 - 0x00007ffe06434000 	C:\WINDOWS\System32\KERNEL32.DLL
0x00007ffe05510000 - 0x00007ffe058c7000 	C:\WINDOWS\System32\KERNELBASE.dll
0x00007ffe05260000 - 0x00007ffe05371000 	C:\WINDOWS\System32\ucrtbase.dll
0x00007ffdf2e80000 - 0x00007ffdf2e97000 	C:\Program Files\Android\Android Studio\jbr\bin\jli.dll
0x00007ffe079d0000 - 0x00007ffe07b7f000 	C:\WINDOWS\System32\USER32.dll
0x00007ffe053f0000 - 0x00007ffe05416000 	C:\WINDOWS\System32\win32u.dll
0x00007ffe06490000 - 0x00007ffe064b9000 	C:\WINDOWS\System32\GDI32.dll
0x00007ffe058d0000 - 0x00007ffe059e8000 	C:\WINDOWS\System32\gdi32full.dll
0x00007ffe059f0000 - 0x00007ffe05a8a000 	C:\WINDOWS\System32\msvcp_win.dll
0x00007ffdf4660000 - 0x00007ffdf48f3000 	C:\WINDOWS\WinSxS\amd64_microsoft.windows.common-controls_6595b64144ccf1df_6.0.22621.3672_none_2713b9d173822955\COMCTL32.dll
0x00007ffe05d50000 - 0x00007ffe05df7000 	C:\WINDOWS\System32\msvcrt.dll
0x00007ffdea120000 - 0x00007ffdea13b000 	C:\Program Files\Android\Android Studio\jbr\bin\VCRUNTIME140.dll
0x00007ffe05d10000 - 0x00007ffe05d41000 	C:\WINDOWS\System32\IMM32.DLL
0x00007ffdfd490000 - 0x00007ffdfd49c000 	C:\Program Files\Android\Android Studio\jbr\bin\vcruntime140_1.dll
0x00007ffd87100000 - 0x00007ffd8718d000 	C:\Program Files\Android\Android Studio\jbr\bin\msvcp140.dll
0x00007ffd7fd90000 - 0x00007ffd80a13000 	C:\Program Files\Android\Android Studio\jbr\bin\server\jvm.dll
0x00007ffe06190000 - 0x00007ffe06242000 	C:\WINDOWS\System32\ADVAPI32.dll
0x00007ffe07870000 - 0x00007ffe07918000 	C:\WINDOWS\System32\sechost.dll
0x00007ffe054e0000 - 0x00007ffe05508000 	C:\WINDOWS\System32\bcrypt.dll
0x00007ffe06250000 - 0x00007ffe06364000 	C:\WINDOWS\System32\RPCRT4.dll
0x00007ffe05130000 - 0x00007ffe0517d000 	C:\WINDOWS\SYSTEM32\POWRPROF.dll
0x00007ffde0860000 - 0x00007ffde0869000 	C:\WINDOWS\SYSTEM32\WSOCK32.dll
0x00007ffe06970000 - 0x00007ffe069e1000 	C:\WINDOWS\System32\WS2_32.dll
0x00007ffdfe120000 - 0x00007ffdfe154000 	C:\WINDOWS\SYSTEM32\WINMM.dll
0x00007ffdfcec0000 - 0x00007ffdfceca000 	C:\WINDOWS\SYSTEM32\VERSION.dll
0x00007ffe04f60000 - 0x00007ffe04f73000 	C:\WINDOWS\SYSTEM32\UMPDC.dll
0x00007ffe04210000 - 0x00007ffe04228000 	C:\WINDOWS\SYSTEM32\kernel.appcore.dll
0x00007ffdfd480000 - 0x00007ffdfd48a000 	C:\Program Files\Android\Android Studio\jbr\bin\jimage.dll
0x00007ffdfd000000 - 0x00007ffdfd232000 	C:\WINDOWS\SYSTEM32\DBGHELP.DLL
0x00007ffe05e00000 - 0x00007ffe0618e000 	C:\WINDOWS\System32\combase.dll
0x00007ffe064c0000 - 0x00007ffe06597000 	C:\WINDOWS\System32\OLEAUT32.dll
0x00007ffdfcf10000 - 0x00007ffdfcf42000 	C:\WINDOWS\SYSTEM32\dbgcore.DLL
0x00007ffe05a90000 - 0x00007ffe05b0b000 	C:\WINDOWS\System32\bcryptPrimitives.dll
0x00007ffdfc260000 - 0x00007ffdfc26e000 	C:\Program Files\Android\Android Studio\jbr\bin\instrument.dll
0x00007ffde7600000 - 0x00007ffde7625000 	C:\Program Files\Android\Android Studio\jbr\bin\java.dll
0x00007ffdfbd00000 - 0x00007ffdfbd18000 	C:\Program Files\Android\Android Studio\jbr\bin\zip.dll
0x00007ffe07000000 - 0x00007ffe07869000 	C:\WINDOWS\System32\SHELL32.dll
0x00007ffe03180000 - 0x00007ffe03a7f000 	C:\WINDOWS\SYSTEM32\windows.storage.dll
0x00007ffe03040000 - 0x00007ffe0317f000 	C:\WINDOWS\SYSTEM32\wintypes.dll
0x00007ffe06f00000 - 0x00007ffe06ff9000 	C:\WINDOWS\System32\SHCORE.dll
0x00007ffe06720000 - 0x00007ffe0677e000 	C:\WINDOWS\System32\shlwapi.dll
0x00007ffe05190000 - 0x00007ffe051b7000 	C:\WINDOWS\SYSTEM32\profapi.dll
0x00007ffdf57b0000 - 0x00007ffdf57c9000 	C:\Program Files\Android\Android Studio\jbr\bin\net.dll
0x00007ffdff5e0000 - 0x00007ffdff716000 	C:\WINDOWS\SYSTEM32\WINHTTP.dll
0x00007ffe046e0000 - 0x00007ffe04749000 	C:\WINDOWS\system32\mswsock.dll
0x00007ffdf4bc0000 - 0x00007ffdf4bd6000 	C:\Program Files\Android\Android Studio\jbr\bin\nio.dll
0x00007ffdfc300000 - 0x00007ffdfc310000 	C:\Program Files\Android\Android Studio\jbr\bin\verify.dll
0x00007ffdea180000 - 0x00007ffdea1a7000 	C:\Users\JOUD\.gradle\native\c067742578af261105cb4f569cf0c3c89f3d7b1fecec35dd04571415982c5e48\windows-amd64\native-platform.dll
0x00007ffd82830000 - 0x00007ffd82974000 	C:\Users\JOUD\.gradle\native\38dada09dfb8b06ba9b0570ebf7e218e3eb74d4ef43ca46872605cf95ebc2f47\windows-amd64\native-platform-file-events.dll
0x00007ffdfd240000 - 0x00007ffdfd249000 	C:\Program Files\Android\Android Studio\jbr\bin\management.dll
0x00007ffdfc470000 - 0x00007ffdfc47b000 	C:\Program Files\Android\Android Studio\jbr\bin\management_ext.dll
0x00007ffe07b90000 - 0x00007ffe07b98000 	C:\WINDOWS\System32\PSAPI.DLL
0x00007ffe04920000 - 0x00007ffe0493b000 	C:\WINDOWS\SYSTEM32\CRYPTSP.dll
0x00007ffe041d0000 - 0x00007ffe04205000 	C:\WINDOWS\system32\rsaenh.dll
0x00007ffe047a0000 - 0x00007ffe047c8000 	C:\WINDOWS\SYSTEM32\USERENV.dll
0x00007ffe04940000 - 0x00007ffe0494c000 	C:\WINDOWS\SYSTEM32\CRYPTBASE.dll
0x00007ffe03ce0000 - 0x00007ffe03d0d000 	C:\WINDOWS\SYSTEM32\IPHLPAPI.DLL
0x00007ffe068e0000 - 0x00007ffe068e9000 	C:\WINDOWS\System32\NSI.dll
0x00007ffdff400000 - 0x00007ffdff419000 	C:\WINDOWS\SYSTEM32\dhcpcsvc6.DLL
0x00007ffdff2b0000 - 0x00007ffdff2cf000 	C:\WINDOWS\SYSTEM32\dhcpcsvc.DLL
0x00007ffe03d50000 - 0x00007ffe03e52000 	C:\WINDOWS\SYSTEM32\DNSAPI.dll
0x00007ffdfd470000 - 0x00007ffdfd479000 	C:\Program Files\Android\Android Studio\jbr\bin\extnet.dll
0x00007ffdca960000 - 0x00007ffdca968000 	C:\WINDOWS\system32\wshunix.dll

dbghelp: loaded successfully - version: 4.0.5 - missing functions: none
symbol engine: initialized successfully - sym options: 0x614 - pdb path: .;C:\Program Files\Android\Android Studio\jbr\bin;C:\WINDOWS\SYSTEM32;C:\WINDOWS\WinSxS\amd64_microsoft.windows.common-controls_6595b64144ccf1df_6.0.22621.3672_none_2713b9d173822955;C:\Program Files\Android\Android Studio\jbr\bin\server;C:\Users\JOUD\.gradle\native\c067742578af261105cb4f569cf0c3c89f3d7b1fecec35dd04571415982c5e48\windows-amd64;C:\Users\JOUD\.gradle\native\38dada09dfb8b06ba9b0570ebf7e218e3eb74d4ef43ca46872605cf95ebc2f47\windows-amd64

VM Arguments:
jvm_args: --add-opens=java.base/java.util=ALL-UNNAMED --add-opens=java.base/java.lang=ALL-UNNAMED --add-opens=java.base/java.lang.invoke=ALL-UNNAMED --add-opens=java.prefs/java.util.prefs=ALL-UNNAMED --add-opens=java.base/java.nio.charset=ALL-UNNAMED --add-opens=java.base/java.net=ALL-UNNAMED --add-opens=java.base/java.util.concurrent.atomic=ALL-UNNAMED -Xmx2048m -Dfile.encoding=UTF-8 -Duser.country=US -Duser.language=en -Duser.variant -javaagent:C:\Users\JOUD\.gradle\wrapper\dists\gradle-8.6-bin\afr5mpiioh2wthjmwnkmdsd5w\gradle-8.6\lib\agents\gradle-instrumentation-agent-8.6.jar 
java_command: org.gradle.launcher.daemon.bootstrap.GradleDaemon 8.6
java_class_path (initial): C:\Users\JOUD\.gradle\wrapper\dists\gradle-8.6-bin\afr5mpiioh2wthjmwnkmdsd5w\gradle-8.6\lib\gradle-launcher-8.6.jar
Launcher Type: SUN_STANDARD

[Global flags]
     intx CICompilerCount                          = 4                                         {product} {ergonomic}
     uint ConcGCThreads                            = 2                                         {product} {ergonomic}
     uint G1ConcRefinementThreads                  = 8                                         {product} {ergonomic}
   size_t G1HeapRegionSize                         = 1048576                                   {product} {ergonomic}
    uintx GCDrainStackTargetSize                   = 64                                        {product} {ergonomic}
   size_t InitialHeapSize                          = 132120576                                 {product} {ergonomic}
   size_t MarkStackSize                            = 4194304                                   {product} {ergonomic}
   size_t MaxHeapSize                              = 2147483648                                {product} {command line}
   size_t MaxNewSize                               = 1287651328                                {product} {ergonomic}
   size_t MinHeapDeltaBytes                        = 1048576                                   {product} {ergonomic}
   size_t MinHeapSize                              = 8388608                                   {product} {ergonomic}
    uintx NonNMethodCodeHeapSize                   = 5839372                                {pd product} {ergonomic}
    uintx NonProfiledCodeHeapSize                  = 122909434                              {pd product} {ergonomic}
    uintx ProfiledCodeHeapSize                     = 122909434                              {pd product} {ergonomic}
    uintx ReservedCodeCacheSize                    = 251658240                              {pd product} {ergonomic}
     bool SegmentedCodeCache                       = true                                      {product} {ergonomic}
   size_t SoftMaxHeapSize                          = 2147483648                             {manageable} {ergonomic}
     bool UseCompressedClassPointers               = true                           {product lp64_product} {ergonomic}
     bool UseCompressedOops                        = true                           {product lp64_product} {ergonomic}
     bool UseG1GC                                  = true                                      {product} {ergonomic}
     bool UseLargePagesIndividualAllocation        = false                                  {pd product} {ergonomic}

Logging:
Log output configuration:
 #0: stdout all=warning uptime,level,tags
 #1: stderr all=off uptime,level,tags

Environment Variables:
JAVA_HOME=C:\Program Files\Java\jdk-22
PATH=C:\Program Files\Common Files\Oracle\Java\javapath;C:\WINDOWS\system32;C:\WINDOWS;C:\WINDOWS\System32\Wbem;C:\WINDOWS\System32\WindowsPowerShell\v1.0\;C:\WINDOWS\System32\OpenSSH\;C:\Program Files\Java\jdk-16.0.1\bin;C:\Program Files\Java\jdk-16.0.2\bin;C:\ProgramData\chocolatey\bin;C:\Program Files (x86)\dotnet\;C:\Program Files\nodejs\;C:\Users\JOUD\Git\cmd;C:\Program Files\Java\jdk-22\bin;C:\Users\JOUD\AppData\Local\Android\Sdk\platform-tools;C:\Users\JOUD\AppData\Roaming\npm\node_modules\react-native;C:\Users\JOUD\AppData\Local\Programs\Python\Python312\Scripts\;C:\Users\JOUD\AppData\Local\Programs\Python\Python312\;C:\Users\JOUD\AppData\Local\Programs\Python\Launcher\;C:\Users\JOUD\AppData\Local\Microsoft\WindowsApps;C:\Users\JOUD\AppData\Local\Programs\Microsoft VS Code\bin;C:\dev\flutter\bin;C:\Users\JOUD\AppData\Roaming\npm;E:\src\flutter\bin;C:\Users\JOUD\.android;C:\Users\JOUD\.android\avd;
USERNAME=JOUD
OS=Windows_NT
PROCESSOR_IDENTIFIER=Intel64 Family 6 Model 142 Stepping 12, GenuineIntel
TMP=C:\Users\JOUD\AppData\Local\Temp
TEMP=C:\Users\JOUD\AppData\Local\Temp



Periodic native trim disabled

JNI global refs:
JNI global refs: 26, weak refs: 0

JNI global refs memory usage: 843, weak refs: 841

Process memory usage:
Resident Set Size: 266896K (3% of 8217900K total physical memory with 236612K free physical memory)

OOME stack traces (most recent first):
Classloader memory used:
Loader org.gradle.internal.classloader.VisitableURLClassLoader                         : 4747K
Loader bootstrap                                                                       : 3023K
Loader org.gradle.internal.classloader.VisitableURLClassLoader$InstrumentingVisitableURLClassLoader: 2987K
Loader org.gradle.initialization.MixInLegacyTypesClassLoader                           : 1363K
Loader jdk.internal.reflect.DelegatingClassLoader                                      : 83405B
Loader jdk.internal.loader.ClassLoaders$PlatformClassLoader                            : 66746B
Loader jdk.internal.loader.ClassLoaders$AppClassLoader                                 : 28736B
Loader org.gradle.internal.classloader.VisitableURLClassLoader                         : 12328B

Classes loaded by more than one classloader:
Class Program                                                                         : loaded 5 times (x 70B)
Class Build_gradle$1                                                                  : loaded 3 times (x 72B)
Class Build_gradle                                                                    : loaded 3 times (x 128B)
Class [Lcom.google.common.collect.AbstractMapEntry;                                   : loaded 2 times (x 67B)
Class com.google.common.collect.SingletonImmutableList                                : loaded 2 times (x 167B)
Class com.google.common.cache.CacheLoader$SupplierToCacheLoader                       : loaded 2 times (x 73B)
Class org.gradle.internal.classpath.ClassPath                                         : loaded 2 times (x 68B)
Class com.google.common.cache.RemovalListener                                         : loaded 2 times (x 68B)
Class org.gradle.api.internal.classpath.DefaultModuleRegistry                         : loaded 2 times (x 84B)
Class com.google.common.collect.FluentIterable$1                                      : loaded 2 times (x 79B)
Class com.google.common.collect.FluentIterable$2                                      : loaded 2 times (x 79B)
Class com.google.common.collect.FluentIterable$3                                      : loaded 2 times (x 79B)
Class Settings_gradle$1$1                                                             : loaded 2 times (x 72B)
Class com.google.common.collect.ImmutableEnumSet                                      : loaded 2 times (x 144B)
Class com.google.common.collect.ListMultimap                                          : loaded 2 times (x 68B)
Class com.google.common.base.CharMatcher$JavaDigit                                    : loaded 2 times (x 109B)
Class com.google.common.base.CharMatcher$Digit                                        : loaded 2 times (x 110B)
Class com.google.common.collect.AbstractMultimap                                      : loaded 2 times (x 121B)
Class com.google.common.cache.CacheBuilder$OneWeigher                                 : loaded 2 times (x 80B)
Class org.gradle.api.Action                                                           : loaded 2 times (x 68B)
Class com.google.common.collect.ImmutableEntry                                        : loaded 2 times (x 80B)
Class com.google.common.collect.Lists$StringAsImmutableList                           : loaded 2 times (x 167B)
Class com.google.common.cache.LocalCache$StrongEntry                                  : loaded 2 times (x 106B)
Class org.objectweb.asm.FieldWriter                                                   : loaded 2 times (x 76B)
Class com.google.common.base.CharMatcher                                              : loaded 2 times (x 109B)
Class com.google.common.base.CharMatcher$IsNot                                        : loaded 2 times (x 109B)
Class com.google.common.collect.Maps$IteratorBasedAbstractMap                         : loaded 2 times (x 123B)
Class com.google.common.base.Splitter                                                 : loaded 2 times (x 70B)
Class [Lcom.google.common.cache.Weigher;                                              : loaded 2 times (x 67B)
Class com.google.common.collect.Iterators$ArrayItr                                    : loaded 2 times (x 95B)
Class com.google.common.cache.LocalCache$Segment                                      : loaded 2 times (x 152B)
Class org.gradle.api.internal.DefaultClassPathProvider                                : loaded 2 times (x 74B)
Class org.gradle.internal.installation.GradleInstallation$1                           : loaded 2 times (x 73B)
Class com.google.common.cache.LocalCache$AbstractReferenceEntry                       : loaded 2 times (x 105B)
Class org.objectweb.asm.Type                                                          : loaded 2 times (x 70B)
Class com.google.common.util.concurrent.AbstractFuture$Failure                        : loaded 2 times (x 70B)
Class com.google.common.base.CharMatcher$BitSetMatcher                                : loaded 2 times (x 110B)
Class com.google.common.collect.ImmutableMap$IteratorBasedImmutableMap                : loaded 2 times (x 123B)
Class com.google.common.collect.ImmutableMap                                          : loaded 2 times (x 118B)
Class com.google.common.base.Converter                                                : loaded 2 times (x 88B)
Class com.google.common.collect.ImmutableSet$EmptySetBuilderImpl                      : loaded 2 times (x 74B)
Class com.google.common.base.Equivalence                                              : loaded 2 times (x 80B)
Class com.google.common.primitives.Ints                                               : loaded 2 times (x 69B)
Class com.google.common.cache.LocalCache$EntryFactory$1                               : loaded 2 times (x 81B)
Class com.google.common.cache.LocalCache$EntryFactory$2                               : loaded 2 times (x 81B)
Class com.google.common.cache.LocalCache$EntryFactory$3                               : loaded 2 times (x 81B)
Class [Lcom.google.common.collect.Maps$EntryFunction;                                 : loaded 2 times (x 67B)
Class com.google.common.cache.LocalCache$EntryFactory$4                               : loaded 2 times (x 81B)
Class com.google.common.cache.LocalCache$EntryFactory$5                               : loaded 2 times (x 81B)
Class com.google.common.cache.LocalCache$EntryFactory$6                               : loaded 2 times (x 81B)
Class com.google.common.cache.LocalCache$EntryFactory$7                               : loaded 2 times (x 81B)
Class com.google.common.cache.LocalCache$EntryFactory$8                               : loaded 2 times (x 81B)
Class com.google.common.base.Predicate                                                : loaded 2 times (x 68B)
Class com.google.common.cache.LocalCache$StrongValueReference                         : loaded 2 times (x 88B)
Class org.gradle.internal.classloader.FilteringClassLoader                            : loaded 2 times (x 103B)
Class com.google.common.collect.RegularImmutableSet                                   : loaded 2 times (x 146B)
Class [Lcom.google.common.cache.LocalCache$Strength;                                  : loaded 2 times (x 67B)
Class org.gradle.internal.classpath.DefaultClassPath$ImmutableUniqueList$Builder      : loaded 2 times (x 73B)
Class com.google.common.collect.Maps$8                                                : loaded 2 times (x 80B)
Class com.google.common.collect.Sets$3$1                                              : loaded 2 times (x 80B)
Class [Lcom.google.common.cache.CacheBuilder$NullListener;                            : loaded 2 times (x 67B)
Class com.google.common.base.PatternCompiler                                          : loaded 2 times (x 68B)
Class com.google.common.base.CharMatcher$InRange                                      : loaded 2 times (x 109B)
Class com.google.common.collect.Maps$KeySet                                           : loaded 2 times (x 135B)
Class com.google.common.collect.Sets$SetView                                          : loaded 2 times (x 136B)
Class com.google.common.collect.BiMap                                                 : loaded 2 times (x 68B)
Class com.google.common.collect.Lists                                                 : loaded 2 times (x 69B)
Class org.objectweb.asm.AnnotationWriter                                              : loaded 2 times (x 77B)
Class com.google.common.math.IntMath$1                                                : loaded 2 times (x 69B)
Class org.gradle.internal.classloader.ClassLoaderVisitor                              : loaded 2 times (x 74B)
Class org.objectweb.asm.Label                                                         : loaded 2 times (x 71B)
Class com.google.common.cache.CacheBuilder$NullListener                               : loaded 2 times (x 80B)
Class com.google.common.math.MathPreconditions                                        : loaded 2 times (x 69B)
Class org.gradle.internal.service.DefaultServiceLocator                               : loaded 2 times (x 81B)
Class org.gradle.internal.service.UnknownServiceException                             : loaded 2 times (x 81B)
Class com.google.common.util.concurrent.AbstractFuture$SynchronizedHelper             : loaded 2 times (x 76B)
Class com.google.common.collect.ArrayListMultimap                                     : loaded 2 times (x 170B)
Class com.google.common.collect.Collections2$FilteredCollection                       : loaded 2 times (x 117B)
Class com.google.common.base.Strings                                                  : loaded 2 times (x 69B)
Class com.google.common.cache.CacheLoader$InvalidCacheLoadException                   : loaded 2 times (x 80B)
Class org.gradle.internal.classloader.DefaultClassLoaderFactory                       : loaded 2 times (x 80B)
Class com.google.common.collect.UnmodifiableIterator                                  : loaded 2 times (x 78B)
Class com.google.common.base.Stopwatch                                                : loaded 2 times (x 70B)
Class com.google.common.base.Platform$JdkPatternCompiler                              : loaded 2 times (x 73B)
Class com.google.common.cache.LocalCache$LoadingValueReference                        : loaded 2 times (x 94B)
Class com.google.common.base.CharMatcher$SingleWidth                                  : loaded 2 times (x 110B)
Class com.google.common.collect.Hashing                                               : loaded 2 times (x 69B)
Class com.google.common.base.JdkPattern                                               : loaded 2 times (x 73B)
Class com.google.common.base.Optional                                                 : loaded 2 times (x 78B)
Class com.google.common.collect.Multimap                                              : loaded 2 times (x 68B)
Class com.google.common.base.FunctionalEquivalence                                    : loaded 2 times (x 81B)
Class org.objectweb.asm.AnnotationVisitor                                             : loaded 2 times (x 76B)
Class org.objectweb.asm.RecordComponentWriter                                         : loaded 2 times (x 76B)
Class com.google.common.cache.LocalCache$1                                            : loaded 2 times (x 87B)
Class com.google.common.cache.LocalCache$2                                            : loaded 2 times (x 140B)
Class com.google.common.collect.RegularImmutableBiMap                                 : loaded 2 times (x 146B)
Class org.gradle.internal.classloader.VisitableURLClassLoader$Spec                    : loaded 2 times (x 72B)
Class org.gradle.api.GradleException                                                  : loaded 2 times (x 80B)
Class com.google.common.base.CharMatcher$JavaLetterOrDigit                            : loaded 2 times (x 109B)
Class org.gradle.api.internal.classpath.ModuleRegistry                                : loaded 2 times (x 68B)
Class com.google.common.collect.ForwardingObject                                      : loaded 2 times (x 70B)
Class com.google.common.cache.CacheBuilder                                            : loaded 2 times (x 70B)
Class org.objectweb.asm.ByteVector                                                    : loaded 2 times (x 77B)
Class com.google.common.collect.ImmutableCollection                                   : loaded 2 times (x 123B)
Class com.google.common.base.PairwiseEquivalence                                      : loaded 2 times (x 81B)
Class com.google.common.base.Ticker                                                   : loaded 2 times (x 70B)
Class org.gradle.api.internal.ClassPathProvider                                       : loaded 2 times (x 68B)
Class com.google.common.base.Ascii                                                    : loaded 2 times (x 69B)
Class com.google.common.collect.RegularImmutableMap$Values                            : loaded 2 times (x 167B)
Class org.objectweb.asm.ModuleWriter                                                  : loaded 2 times (x 80B)
Class org.objectweb.asm.ModuleVisitor                                                 : loaded 2 times (x 79B)
Class com.google.common.collect.ImmutableEnumMap                                      : loaded 2 times (x 123B)
Class com.google.common.collect.ForwardingMap                                         : loaded 2 times (x 130B)
Class com.google.common.collect.ImmutableList$ReverseImmutableList                    : loaded 2 times (x 168B)
Class com.google.common.cache.AbstractCache$StatsCounter                              : loaded 2 times (x 68B)
Class com.google.common.collect.Maps$EntryFunction$1                                  : loaded 2 times (x 89B)
Class com.google.common.collect.Maps$EntryFunction$2                                  : loaded 2 times (x 89B)
Class org.objectweb.asm.FieldVisitor                                                  : loaded 2 times (x 75B)
Class org.objectweb.asm.Symbol                                                        : loaded 2 times (x 71B)
Class com.google.common.cache.LocalCache$Strength$1                                   : loaded 2 times (x 79B)
Class com.google.common.cache.LocalCache$Strength$2                                   : loaded 2 times (x 79B)
Class com.google.common.cache.LocalCache$Strength$3                                   : loaded 2 times (x 79B)
Class org.gradle.internal.classloader.ClassLoaderFactory                              : loaded 2 times (x 68B)
Class com.google.common.collect.ObjectArrays                                          : loaded 2 times (x 69B)
Class com.google.common.base.Absent                                                   : loaded 2 times (x 78B)
Class com.google.common.util.concurrent.AbstractFuture$Waiter                         : loaded 2 times (x 70B)
Class com.google.common.util.concurrent.Uninterruptibles                              : loaded 2 times (x 69B)
Class com.google.common.collect.Iterators$10                                          : loaded 2 times (x 79B)
Class com.google.common.collect.ImmutableList                                         : loaded 2 times (x 166B)
Class org.gradle.api.internal.classpath.ManifestUtil                                  : loaded 2 times (x 69B)
Class org.gradle.api.specs.Spec                                                       : loaded 2 times (x 68B)
Class com.google.common.cache.CacheLoader$UnsupportedLoadingOperationException        : loaded 2 times (x 80B)
Class com.google.common.base.CharMatcher$Whitespace                                   : loaded 2 times (x 110B)
Class com.google.common.util.concurrent.ListenableFuture                              : loaded 2 times (x 68B)
Class com.google.common.collect.Iterators$1                                           : loaded 2 times (x 79B)
Class com.google.common.collect.Iterators$4                                           : loaded 2 times (x 80B)
Class com.google.common.collect.RegularImmutableMap$BucketOverflowException           : loaded 2 times (x 80B)
Class com.google.common.collect.Iterators$5                                           : loaded 2 times (x 80B)
Class com.google.common.collect.Iterators$6                                           : loaded 2 times (x 79B)
Class com.google.common.util.concurrent.AbstractFuture$UnsafeAtomicHelper             : loaded 2 times (x 76B)
Class com.google.common.base.Joiner                                                   : loaded 2 times (x 77B)
Class com.google.common.base.Equivalence$Equals                                       : loaded 2 times (x 80B)
Class com.google.common.base.Preconditions                                            : loaded 2 times (x 69B)
Class com.google.common.base.Function                                                 : loaded 2 times (x 68B)
Class com.google.common.collect.Iterators$9                                           : loaded 2 times (x 79B)
Class org.gradle.internal.IoActions                                                   : loaded 2 times (x 69B)
Class com.google.common.cache.ReferenceEntry                                          : loaded 2 times (x 68B)
Class com.google.common.collect.RegularImmutableMap$KeySet                            : loaded 2 times (x 148B)
Class com.google.common.collect.CollectPreconditions                                  : loaded 2 times (x 69B)
Class [Lcom.google.common.base.Function;                                              : loaded 2 times (x 67B)
Class com.google.common.primitives.IntsMethodsForWeb                                  : loaded 2 times (x 69B)
Class com.google.common.collect.Maps                                                  : loaded 2 times (x 69B)
Class com.google.common.collect.RegularImmutableMap                                   : loaded 2 times (x 119B)
Class com.google.common.collect.AbstractIndexedListIterator                           : loaded 2 times (x 94B)
Class com.google.common.base.CharMatcher$None                                         : loaded 2 times (x 110B)
Class org.gradle.api.internal.classpath.EffectiveClassPath                            : loaded 2 times (x 88B)
Class com.google.common.collect.UnmodifiableListIterator                              : loaded 2 times (x 93B)
Class com.google.common.cache.CacheLoader$FunctionToCacheLoader                       : loaded 2 times (x 73B)
Class com.google.common.cache.CacheBuilder$1                                          : loaded 2 times (x 83B)
Class com.google.common.cache.CacheBuilder$2                                          : loaded 2 times (x 70B)
Class com.google.common.collect.ImmutableList$1                                       : loaded 2 times (x 95B)
Class com.google.common.base.Splitter$Strategy                                        : loaded 2 times (x 68B)
Class com.google.common.collect.ImmutableMapEntrySet$RegularEntrySet                  : loaded 2 times (x 149B)
Class com.google.common.base.Predicates$CompositionPredicate                          : loaded 2 times (x 86B)
Class [Lcom.google.common.cache.RemovalListener;                                      : loaded 2 times (x 67B)
Class [Lcom.google.common.collect.ImmutableMapEntry;                                  : loaded 2 times (x 67B)
Class org.gradle.internal.installation.CurrentGradleInstallation                      : loaded 2 times (x 71B)
Class org.gradle.internal.agents.InstrumentingClassLoader                             : loaded 2 times (x 68B)
Class org.gradle.internal.installation.CurrentGradleInstallationLocator               : loaded 2 times (x 69B)
Class [Lcom.google.common.cache.LocalCache$Segment;                                   : loaded 2 times (x 67B)
Class org.gradle.api.internal.classpath.Module                                        : loaded 2 times (x 68B)
Class com.google.common.base.Splitter$1$1                                             : loaded 2 times (x 84B)
Class com.google.common.collect.ImmutableSet$JdkBackedSetBuilderImpl                  : loaded 2 times (x 74B)
Class com.google.common.collect.ImmutableSet$RegularSetBuilderImpl                    : loaded 2 times (x 75B)
Class [Lorg.objectweb.asm.AnnotationWriter;                                           : loaded 2 times (x 67B)
Class org.gradle.internal.service.CachingServiceLocator                               : loaded 2 times (x 80B)
Class [Lcom.google.common.collect.ImmutableEntry;                                     : loaded 2 times (x 67B)
Class com.google.common.collect.Sets$ImprovedAbstractSet                              : loaded 2 times (x 133B)
Class org.gradle.internal.classpath.DefaultClassPath                                  : loaded 2 times (x 88B)
Class com.google.common.util.concurrent.AbstractFuture$SetFuture                      : loaded 2 times (x 73B)
Class com.google.common.collect.TransformedIterator                                   : loaded 2 times (x 78B)
Class com.google.common.base.Splitter$SplittingIterator                               : loaded 2 times (x 82B)
Class com.google.common.cache.LocalCache$LocalManualCache$1                           : loaded 2 times (x 73B)
Class com.google.common.collect.Iterators$MergingIterator                             : loaded 2 times (x 79B)
Class [Lcom.google.common.collect.AbstractIterator$State;                             : loaded 2 times (x 67B)
Class org.objectweb.asm.SymbolTable$Entry                                             : loaded 2 times (x 72B)
Class [Lcom.google.common.cache.LocalCache$EntryFactory;                              : loaded 2 times (x 67B)
Class com.google.common.base.CharMatcher$Is                                           : loaded 2 times (x 109B)
Class com.google.common.collect.Maps$AbstractFilteredMap                              : loaded 2 times (x 125B)
Class com.google.common.base.Platform                                                 : loaded 2 times (x 69B)
Class com.google.common.collect.RegularImmutableAsList                                : loaded 2 times (x 176B)
Class com.google.common.collect.PeekingIterator                                       : loaded 2 times (x 68B)
Class com.google.common.collect.ImmutableMapEntrySet                                  : loaded 2 times (x 149B)
Class com.google.common.cache.CacheLoader                                             : loaded 2 times (x 72B)
Class com.google.common.collect.ImmutableBiMapFauxverideShim                          : loaded 2 times (x 118B)
Class org.objectweb.asm.MethodTooLargeException                                       : loaded 2 times (x 81B)
Class com.google.common.cache.Cache                                                   : loaded 2 times (x 68B)
Class org.gradle.internal.classloader.SystemClassLoaderSpec                           : loaded 2 times (x 69B)
Class com.google.common.util.concurrent.internal.InternalFutureFailureAccess          : loaded 2 times (x 70B)
Class com.google.common.base.Charsets                                                 : loaded 2 times (x 69B)
Class com.google.common.primitives.Ints$IntConverter                                  : loaded 2 times (x 88B)
Class com.google.common.collect.SingletonImmutableSet                                 : loaded 2 times (x 144B)
Class [Lcom.google.common.base.AbstractIterator$State;                                : loaded 2 times (x 67B)
Class com.google.common.collect.ImmutableMap$Builder                                  : loaded 2 times (x 80B)
Class com.google.common.base.AbstractIterator                                         : loaded 2 times (x 78B)
Class org.objectweb.asm.ClassWriter                                                   : loaded 2 times (x 104B)
Class com.google.common.base.AbstractIterator$1                                       : loaded 2 times (x 69B)
Class [Lcom.google.common.cache.CacheBuilder$OneWeigher;                              : loaded 2 times (x 67B)
Class com.google.common.collect.Iterators                                             : loaded 2 times (x 69B)
Class com.google.common.base.CharMatcher$Ascii                                        : loaded 2 times (x 110B)
Class com.google.common.base.CharMatcher$1                                            : loaded 2 times (x 111B)
Class com.google.common.cache.LocalCache$ComputingValueReference                      : loaded 2 times (x 94B)
Class com.google.common.collect.ImmutableList$SerializedForm                          : loaded 2 times (x 71B)
Class org.gradle.api.UncheckedIOException                                             : loaded 2 times (x 80B)
Class com.google.common.base.CharMatcher$And                                          : loaded 2 times (x 110B)
Class com.google.common.collect.IndexedImmutableSet                                   : loaded 2 times (x 148B)
Class com.google.common.base.ExtraObjectsMethodsForWeb                                : loaded 2 times (x 69B)
Class com.google.common.collect.AbstractListMultimap                                  : loaded 2 times (x 170B)
Class com.google.common.base.CharMatcher$Any                                          : loaded 2 times (x 110B)
Class org.gradle.internal.classloader.ClasspathUtil$1                                 : loaded 2 times (x 74B)
Class com.google.common.cache.LocalCache$Strength                                     : loaded 2 times (x 79B)
Class com.google.common.collect.AbstractMapBasedMultimap$KeySet                       : loaded 2 times (x 135B)
Class com.google.common.collect.ArrayListMultimapGwtSerializationDependencies         : loaded 2 times (x 170B)
Class com.google.common.base.CharMatcher$RangesMatcher                                : loaded 2 times (x 110B)
Class org.objectweb.asm.Handler                                                       : loaded 2 times (x 70B)
Class com.google.common.collect.ImmutableList$SubList                                 : loaded 2 times (x 168B)
Class com.google.common.cache.LocalCache$ValueReference                               : loaded 2 times (x 68B)
Class org.gradle.internal.classloader.ClasspathUtil                                   : loaded 2 times (x 69B)
Class org.objectweb.asm.CurrentFrame                                                  : loaded 2 times (x 71B)
Class com.google.common.util.concurrent.AbstractFuture                                : loaded 2 times (x 93B)
Class com.google.common.base.Splitter$1                                               : loaded 2 times (x 75B)
Class com.google.common.base.Ticker$1                                                 : loaded 2 times (x 70B)
Class com.google.common.collect.Maps$BiMapConverter                                   : loaded 2 times (x 88B)
Class org.gradle.api.internal.DefaultClassPathRegistry                                : loaded 2 times (x 74B)
Class com.google.common.collect.AbstractIterator$State                                : loaded 2 times (x 77B)
Class com.google.common.util.concurrent.AbstractFuture$Cancellation                   : loaded 2 times (x 70B)
Class [Lorg.objectweb.asm.Symbol;                                                     : loaded 2 times (x 67B)
Class com.google.common.base.Predicates                                               : loaded 2 times (x 69B)
Class com.google.common.collect.ImmutableSet$SetBuilderImpl                           : loaded 2 times (x 74B)
Class org.gradle.api.internal.classpath.DefaultModuleRegistry$DefaultModule           : loaded 2 times (x 84B)
Class com.google.common.base.CharMatcher$JavaIsoControl                               : loaded 2 times (x 110B)
Class com.google.common.collect.ImmutableMap$1                                        : loaded 2 times (x 79B)
Class com.google.common.base.CharMatcher$Or                                           : loaded 2 times (x 110B)
Class org.gradle.kotlin.dsl.VersionCatalogAccessorsKt                                 : loaded 2 times (x 69B)
Class com.google.common.base.Suppliers$SupplierOfInstance                             : loaded 2 times (x 77B)
Class org.objectweb.asm.RecordComponentVisitor                                        : loaded 2 times (x 75B)
Class com.google.common.collect.Iterables                                             : loaded 2 times (x 69B)
Class com.google.common.base.CharMatcher$JavaLowerCase                                : loaded 2 times (x 109B)
Class org.objectweb.asm.ClassTooLargeException                                        : loaded 2 times (x 81B)
Class org.gradle.api.internal.classpath.UnknownModuleException                        : loaded 2 times (x 80B)
Class com.google.common.collect.FluentIterable                                        : loaded 2 times (x 79B)
Class com.google.common.util.concurrent.AbstractFuture$Listener                       : loaded 2 times (x 70B)
Class com.google.common.collect.Iterables$5                                           : loaded 2 times (x 79B)
Class org.objectweb.asm.Edge                                                          : loaded 2 times (x 70B)
Class com.google.common.collect.Maps$EntryTransformer                                 : loaded 2 times (x 68B)
Class com.google.common.collect.ImmutableCollection$Builder                           : loaded 2 times (x 74B)
Class [Lorg.objectweb.asm.SymbolTable$Entry;                                          : loaded 2 times (x 67B)
Class com.google.common.collect.SingletonImmutableBiMap                               : loaded 2 times (x 141B)
Class com.google.common.base.CommonPattern                                            : loaded 2 times (x 72B)
Class com.google.common.base.Suppliers                                                : loaded 2 times (x 69B)
Class org.objectweb.asm.ClassVisitor                                                  : loaded 2 times (x 86B)
Class com.google.common.cache.LoadingCache                                            : loaded 2 times (x 68B)
Class org.gradle.internal.service.ServiceLookupException                              : loaded 2 times (x 80B)
Class org.gradle.cache.GlobalCache                                                    : loaded 2 times (x 68B)
Class com.google.common.base.Present                                                  : loaded 2 times (x 79B)
Class com.google.common.base.CharMatcher$NegatedFastMatcher                           : loaded 2 times (x 111B)
Class [Lorg.gradle.api.internal.ClassPathProvider;                                    : loaded 2 times (x 67B)
Class com.google.common.util.concurrent.AbstractFuture$SafeAtomicHelper               : loaded 2 times (x 77B)
Class org.gradle.util.internal.GUtil                                                  : loaded 2 times (x 69B)
Class com.google.common.math.IntMath                                                  : loaded 2 times (x 69B)
Class com.google.common.collect.AbstractIterator                                      : loaded 2 times (x 80B)
Class org.gradle.internal.classloader.ClassLoaderSpec                                 : loaded 2 times (x 69B)
Class com.google.common.base.NullnessCasts                                            : loaded 2 times (x 69B)
Class org.objectweb.asm.Frame                                                         : loaded 2 times (x 71B)
Class com.google.common.cache.LocalCache$LocalManualCache                             : loaded 2 times (x 97B)
Class com.google.common.collect.AbstractMapEntry                                      : loaded 2 times (x 79B)
Class com.google.common.collect.ImmutableList$Builder                                 : loaded 2 times (x 75B)
Class com.google.common.base.CharMatcher$Negated                                      : loaded 2 times (x 111B)
Class com.google.common.cache.CacheLoader$1                                           : loaded 2 times (x 73B)
Class com.google.common.util.concurrent.AbstractFuture$TrustedFuture                  : loaded 2 times (x 95B)
Class com.google.common.collect.Maps$ViewCachingAbstractMap                           : loaded 2 times (x 123B)
Class com.google.common.collect.Sets                                                  : loaded 2 times (x 69B)
Class com.google.common.collect.ImmutableSet$Builder                                  : loaded 2 times (x 83B)
Class com.google.common.collect.Sets$FilteredSet                                      : loaded 2 times (x 135B)
Class com.google.common.base.CharMatcher$ForPredicate                                 : loaded 2 times (x 110B)
Class com.google.common.collect.ImmutableMap$MapViewOfValuesAsSingletonSets           : loaded 2 times (x 123B)
Class com.google.common.base.MoreObjects                                              : loaded 2 times (x 69B)
Class com.google.common.collect.SortedMapDifference                                   : loaded 2 times (x 68B)
Class org.objectweb.asm.SymbolTable                                                   : loaded 2 times (x 70B)
Class [Lorg.objectweb.asm.AnnotationVisitor;                                          : loaded 2 times (x 67B)
Class com.google.common.cache.CacheStats                                              : loaded 2 times (x 69B)
Class org.objectweb.asm.Attribute                                                     : loaded 2 times (x 75B)
Class org.gradle.internal.classloader.VisitableURLClassLoader                         : loaded 2 times (x 115B)
Class com.google.common.cache.LocalCache$LocalLoadingCache                            : loaded 2 times (x 132B)
Class com.google.common.base.Supplier                                                 : loaded 2 times (x 68B)
Class com.google.common.base.Objects                                                  : loaded 2 times (x 69B)
Class com.google.common.util.concurrent.AbstractFuture$AtomicHelper                   : loaded 2 times (x 76B)
Class com.google.common.collect.ImmutableBiMap                                        : loaded 2 times (x 141B)
Class org.gradle.internal.Cast                                                        : loaded 2 times (x 69B)
Class com.google.common.hash.PrimitiveSink                                            : loaded 2 times (x 68B)
Class com.google.common.collect.NullnessCasts                                         : loaded 2 times (x 69B)
Class org.gradle.internal.installation.GradleInstallation                             : loaded 2 times (x 73B)
Class org.gradle.api.internal.ClassPathRegistry                                       : loaded 2 times (x 68B)
Class com.google.common.cache.LocalCache$EntryFactory                                 : loaded 2 times (x 81B)
Class com.google.common.util.concurrent.UncheckedExecutionException                   : loaded 2 times (x 80B)
Class com.google.common.collect.ImmutableSet                                          : loaded 2 times (x 143B)
Class org.gradle.internal.classloader.VisitableURLClassLoader$InstrumentingVisitableURLClassLoader: loaded 2 times (x 121B)
Class org.gradle.internal.classloader.ClassLoaderHierarchy                            : loaded 2 times (x 68B)
Class [Lorg.objectweb.asm.Type;                                                       : loaded 2 times (x 67B)
Class com.google.common.base.AbstractIterator$State                                   : loaded 2 times (x 77B)
Class com.google.common.cache.Weigher                                                 : loaded 2 times (x 68B)
Class com.google.common.base.CharMatcher$NamedFastMatcher                             : loaded 2 times (x 110B)
Class org.gradle.internal.InternalTransformer                                         : loaded 2 times (x 68B)
Class org.gradle.internal.service.ServiceLocator                                      : loaded 2 times (x 68B)
Class Settings_gradle$1                                                               : loaded 2 times (x 72B)
Class com.google.common.util.concurrent.SettableFuture                                : loaded 2 times (x 95B)
Class com.google.common.collect.ImmutableMapEntry                                     : loaded 2 times (x 83B)
Class com.google.common.collect.Maps$EntryFunction                                    : loaded 2 times (x 89B)
Class com.google.common.base.CharMatcher$Invisible                                    : loaded 2 times (x 110B)
Class com.google.common.base.Joiner$1                                                 : loaded 2 times (x 78B)
Class com.google.common.base.Joiner$2                                                 : loaded 2 times (x 77B)
Class com.google.common.base.CharMatcher$FastMatcher                                  : loaded 2 times (x 109B)
Class org.gradle.internal.classpath.DefaultClassPath$ImmutableUniqueList              : loaded 2 times (x 159B)
Class com.google.common.base.CharMatcher$JavaLetter                                   : loaded 2 times (x 109B)
Class org.gradle.internal.classpath.TransformedClassPath                              : loaded 2 times (x 94B)
Class com.google.common.collect.MapDifference                                         : loaded 2 times (x 68B)
Class com.google.common.collect.Sets$1                                                : loaded 2 times (x 137B)
Class com.google.common.collect.Sets$2                                                : loaded 2 times (x 137B)
Class com.google.common.util.concurrent.AbstractFuture$Trusted                        : loaded 2 times (x 68B)
Class com.google.common.collect.Sets$3                                                : loaded 2 times (x 137B)
Class com.google.common.collect.Sets$4                                                : loaded 2 times (x 137B)
Class Settings_gradle                                                                 : loaded 2 times (x 126B)
Class org.objectweb.asm.MethodWriter                                                  : loaded 2 times (x 104B)
Class com.google.common.collect.Platform                                              : loaded 2 times (x 69B)
Class com.google.common.collect.ImmutableAsList                                       : loaded 2 times (x 169B)
Class com.google.common.util.concurrent.ExecutionError                                : loaded 2 times (x 80B)
Class com.google.common.base.Equivalence$Identity                                     : loaded 2 times (x 80B)
Class com.google.common.base.CharMatcher$AnyOf                                        : loaded 2 times (x 110B)
Class com.google.common.base.CharMatcher$IsEither                                     : loaded 2 times (x 109B)
Class com.google.common.collect.AbstractIterator$1                                    : loaded 2 times (x 69B)
Class com.google.common.cache.LocalCache                                              : loaded 2 times (x 185B)
Class com.google.common.collect.RegularImmutableList                                  : loaded 2 times (x 172B)
Class com.google.common.util.concurrent.AbstractFuture$UnsafeAtomicHelper$1           : loaded 2 times (x 74B)
Class com.google.common.base.CharMatcher$JavaUpperCase                                : loaded 2 times (x 109B)
Class com.google.common.collect.Multiset                                              : loaded 2 times (x 68B)
Class com.google.common.collect.ImmutableSet$CachingAsList                            : loaded 2 times (x 145B)
Class org.objectweb.asm.MethodVisitor                                                 : loaded 2 times (x 103B)
Class com.google.common.collect.AbstractMapBasedMultimap$KeySet$1                     : loaded 2 times (x 80B)
Class com.google.common.collect.ImmutableMapEntry$NonTerminalImmutableMapEntry        : loaded 2 times (x 83B)
Class com.google.common.collect.AbstractMapBasedMultimap                              : loaded 2 times (x 137B)


---------------  S Y S T E M  ---------------

OS:
 Windows 11 , 64 bit Build 22621 (10.0.22621.3958)
OS uptime: 5 days 2:52 hours
Hyper-V role detected

CPU: total 8 (initial active 8) (4 cores per cpu, 2 threads per core) family 6 model 142 stepping 12 microcode 0xde, cx8, cmov, fxsr, ht, mmx, 3dnowpref, sse, sse2, sse3, ssse3, sse4.1, sse4.2, popcnt, lzcnt, tsc, tscinvbit, avx, avx2, aes, erms, clmul, bmi1, bmi2, adx, fma, vzeroupper, clflush, clflushopt, hv
Processor Information for all 8 processors :
  Max Mhz: 2112, Current Mhz: 2112, Mhz Limit: 1605

Memory: 4k page, system-wide physical 8025M (243M free)
TotalPageFile size 20679M (AvailPageFile size 13M)
current process WorkingSet (physical memory assigned to process): 261M, peak: 330M
current process commit charge ("private bytes"): 440M, peak: 516M

vm_info: OpenJDK 64-Bit Server VM (17.0.11+0--11852314) for windows-amd64 JRE (17.0.11+0--11852314), built on May 16 2024 21:29:20 by "androidbuild" with MS VC++ 16.10 / 16.11 (VS2019)

END.
